zenodo_id	title	url	data_type	prob_eye_imaging	img_files	archives	size_mb
11412908	Human Developing Retina Atlas (Source data)	https://zenodo.org/records/11412908	data_files	0.971	0	1	12032.4
10866349	Human Developing Retina Atlas (Intermediate Data Object)	https://zenodo.org/records/10866349	data_files	0.971	0	1	37748.1
15054026	OCT images of sodium iodate induced retinal degeneration and corresponding ML models for image segmentation	https://zenodo.org/records/15054026	data_files	0.97	0	2	668.5
15393819	fundus-dataset	https://zenodo.org/records/15393819	data_files	0.97	0	2	3011.1
8391062	CarolinRi/CorneaAI: Dataset of Corneal samples	https://zenodo.org/records/8391062	data_files	0.97	0	1	0.2
17131153	snubhretina/SERVAL: v1	https://zenodo.org/records/17131153	data_files	0.97	0	1	0.4
1464026	OCTSEG	https://zenodo.org/records/1464026	data_files	0.97	0	1	5.6
12166457	Dynamic evaluation of corneal cross-linking and osmotic diffusion effects using optical coherence elastography	https://zenodo.org/records/12166457	data_files	0.968	33	0	34378.5
4630801	Project Gap Junctions MEA	https://zenodo.org/records/4630801	data_files	0.967	0	1	241.4
7555837	Macular Drusen H&E	https://zenodo.org/records/7555837	data_files	0.967	1	0	1.8
14831266	Retrospective study of Modifications in Foveal Choroidal Vessel Diameter and Thickness as Indicators for Retreatment of Polypoidal Choroidal Vasculopa	https://zenodo.org/records/14831266	data_files	0.967	18	0	10.0
14004377	cobriniklab/chevreuldata: generate doi on zenodo	https://zenodo.org/records/14004377	data_files	0.967	0	1	0.0
10211882	Mingsenli/corneal-single-cells: v1.0	https://zenodo.org/records/10211882	data_files	0.967	0	1	0.1
10674885	Diabetic Glaucoma(ORIGA,REFUGE,ACRIMA)	https://zenodo.org/records/10674885	data_files	0.966	0	3	3563.5
15775510	Visual Defect Detection dataset	https://zenodo.org/records/15775510	data_files	0.966	0	10	2810.8
6403238	Supplementary data for: Abducens nerve palsy with ipsilateral excessive eye tearing attributed to internal carotid artery sympathetic plexus schwannom	https://zenodo.org/records/6403238	data_files	0.965	1	0	3.0
7396604	sbarrington/cornea-iris-dataset: DOI identifier	https://zenodo.org/records/7396604	data_files	0.965	0	1	78.2
8148674	xfeng89/widebandOCE: wideband OCE code	https://zenodo.org/records/8148674	data_files	0.965	0	1	3.9
10369285	anears-vuno/DRAC22_MICCAI_FAI: v1.0.0	https://zenodo.org/records/10369285	data_files	0.964	0	5	6135.7
12737836	zhenzuo2/Human-Developmental-Retina-Atlas: v1.0.2	https://zenodo.org/records/12737836	data_files	0.964	0	1	1.6
6613795	Clinical Features and Genetic Findings of Autosomal Recessive Bestrophinopathy	https://zenodo.org/records/6613795	data_files	0.963	1	0	10.5
12775880	ROSE: Retinal OCT-Angiography segmentation dataset	https://zenodo.org/records/12775880	dataset_link	0.963	0	0	0.0
8297015	subhamshome/optic-disc-segmentation-drishtigs: OD Segmentation DrishtiGS 1.1.1	https://zenodo.org/records/8297015	data_files	0.963	0	1	336.8
4992944	Data from: Human retinal pigment epithelium: in vivo cell morphometry, multispectral autofluorescence, and relationship to cone mosaic	https://zenodo.org/records/4992944	data_files	0.963	0	10	80.5
57426	Involvement of the optic nerve in mutated CSF1R-induced hereditary diffuse leukoencephalopathy with axonal spheroids	https://zenodo.org/records/57426	data_files	0.962	0	1	1.9
49197	Involvement of the optic nerve in mutated CSF1R-induced hereditary diffuse leukoencephalopathy with axonal spheroids	https://zenodo.org/records/49197	data_files	0.962	4	0	1.0
4630893	Project Gap Junctions Microscope	https://zenodo.org/records/4630893	data_files	0.962	0	1	881.9
8195985	Mousamoradi/AMD-Diagnosis: ver1.0	https://zenodo.org/records/8195985	data_files	0.961	0	1	0.0
5790134	Dataset for RSOS-211108	https://zenodo.org/records/5790134	data_files	0.961	0	1	366.1
5123346	Dataset for RSOS-211108	https://zenodo.org/records/5123346	data_files	0.961	0	1	7.1
4891308	Dataset from fundus images for the study of diabetic retinopathy	https://zenodo.org/records/4891308	data_files	0.961	0	1	1453.0
7957454	Retina OCT glaucoma	https://zenodo.org/records/7957454	data_files	0.96	0	1	358.9
15924742	MR-Eye atlas: a large-scale atlas of the eye based on T1-weighted MR imaging	https://zenodo.org/records/15924742	data_files	0.96	3	1	40.6
7806898	High-resolution structural and functional retinal imaging in the awake behaving mouse	https://zenodo.org/records/7806898	data_files	0.96	0	6	13477.5
15133293	Optic nerve injury impairs intrinsic mechanisms underlying electrocial activity in a resilient retinal ganglion cell - Confocal imaging dataset	https://zenodo.org/records/15133293	data_files	0.96	0	1	19561.7
16748523	Photoreceptor loss does not recruit neutrophils despite strong microglial activation	https://zenodo.org/records/16748523	data_files	0.959	0	1	152.6
13172118	Fig. 14 in Comparative 3D microanatomy and histology of the eyes and central nervous systems in coleoid cephalopod hatchlings	https://zenodo.org/records/13172118	data_files	0.958	1	0	4.5
13629565	Figure 4	https://zenodo.org/records/13629565	data_files	0.958	12	0	13.2
14834409	Figures data for doi.org/10.1364/BOE.444567	https://zenodo.org/records/14834409	data_files	0.958	0	1	9.4
16342107	Molecular and spatial analysis of ganglion cells on retinal flatmounts identifies perivascular neurons resilient to glaucoma	https://zenodo.org/records/16342107	data_files	0.958	0	1	2648.1
13172112	Fig. 11 in Comparative 3D microanatomy and histology of the eyes and central nervous systems in coleoid cephalopod hatchlings	https://zenodo.org/records/13172112	data_files	0.957	1	0	3.1
6795162	seankwang/retina-multiome: 20220704	https://zenodo.org/records/6795162	data_files	0.957	0	1	0.0
14832488	Figures data for doi.org/10.1364/BOE.402402	https://zenodo.org/records/14832488	data_files	0.957	0	1	0.3
15690358	Synchrotron radiation-based micro computed tomography dataset - in vivo mouse brain - CA019 - Choroid plexus motion	https://zenodo.org/records/15690358	data_files	0.957	0	4	39977.8
13172120	Fig. 15 in Comparative 3D microanatomy and histology of the eyes and central nervous systems in coleoid cephalopod hatchlings	https://zenodo.org/records/13172120	data_files	0.957	1	0	3.5
5002837	Data from: Insights in the diagnosis of a retinal arteriovenous malformation	https://zenodo.org/records/5002837	data_files	0.956	78	0	521.8
15105761	OCTA-Mosaicking Dataset	https://zenodo.org/records/15105761	data_files	0.955	0	2	91.2
13135388	Fig. 4 in Impairment of retinal function in yellow perch (Perca flavescens) by Diplostomum baeri metacercariae	https://zenodo.org/records/13135388	data_files	0.953	1	0	5.6
16744782	HRF-Seg+: A Multi-Structure Annotated Fundus Image Dataset with Optic Disc, Cup, Vessels, Alpha and Beta Zones	https://zenodo.org/records/16744782	data_files	0.952	0	1	3.2
3238625	Histological validation of per-bundle water diffusion metrics within a region of fiber crossing following axonal degeneration - Synthetic data	https://zenodo.org/records/3238625	data_files	0.952	0	1	0.1
4248921	HeLa-DAPI-EdU488-mCherryH2B	https://zenodo.org/records/4248921	data_files	0.952	1	1	3.7
13172116	Fig. 13 in Comparative 3D microanatomy and histology of the eyes and central nervous systems in coleoid cephalopod hatchlings	https://zenodo.org/records/13172116	data_files	0.952	1	0	2.9
12197987	Fig. 5 in Petrosal and cranial vascular system of the early Eocene palaeoryctid mammal Eoryctes melanus from northwestern Wyoming, USA	https://zenodo.org/records/12197987	data_files	0.951	1	0	0.9
6331029	Analysis on Multimodal Imaging of 'stealth' Choroidal Neovascularization in Central Serous Chorioretinopathy	https://zenodo.org/records/6331029	data_files	0.951	0	3	118.8
10267099	Palazzo Federico II Fovea	https://zenodo.org/records/10267099	data_files	0.951	5	0	72.1
6330884	Spontaneous retinal reperfusion of capillary nonperfusion areas in diabetic retinopathy: A comparative angiographic illustration by FFA and OCTA	https://zenodo.org/records/6330884	data_files	0.951	0	1	49.0
14764553	Figure 8. Apostylonychia notophorides after protargol impregnation. A, B in Disentangling the stylonychine ciliates (Ciliophora: Hypotricha): the esta	https://zenodo.org/records/14764553	data_files	0.951	1	0	1.5
3982428	migueLib/fundus2sex: TVST Publication	https://zenodo.org/records/3982428	related_dataset	0.951	0	0	0.0
14843411	Prolactinomas: Clinical and Epidemiological Aspects - Figure 3 – MRI Image - sagittal and coronal sections in a patient with macroprolactinoma  with c	https://zenodo.org/records/14843411	data_files	0.951	1	0	0.2
13172122	Fig. 16 in Comparative 3D microanatomy and histology of the eyes and central nervous systems in coleoid cephalopod hatchlings	https://zenodo.org/records/13172122	data_files	0.951	1	0	3.9
17103009	"Minimal dataset for ""Cellular-resolution OCT reveals layer-specific retinal mosaics and ganglion cell degeneration in mouse retina in vivo"""	https://zenodo.org/records/17103009	data_files	0.951	0	1	7036.5
13345417	DICOM converted Slide Microscopy images for the TCGA-UVM collection	https://zenodo.org/records/13345417	dataset_link	0.95	0	0	0.1
6842368	HuLab-Code/RSE: Longitudinal In Vivo Ca2+ Imaging Reveals Dynamic Activity Changes of Diseased Retinal Ganglion Cells at Single-Cell Level	https://zenodo.org/records/6842368	data_files	0.95	0	1	0.0
13257	Replication Data for: OPTICAL COHERENCE TOMOGRAPHY IDENTIFIES LOWER LABIAL SALIVARY GLAND SURFACE DENSITY IN CYSTIC FIBROSIS	https://zenodo.org/records/13257	data_files	0.949	0	2	3518.9
13620850	Fig. 8 in The endocranium of the theropod dinosaur Ceratosaurus studied with computed tomography	https://zenodo.org/records/13620850	data_files	0.949	1	0	1.3
13620852	Fig. 9. A in The endocranium of the theropod dinosaur Ceratosaurus studied with computed tomography	https://zenodo.org/records/13620852	data_files	0.948	1	0	0.6
7777286	Human Retina OMAP-12	https://zenodo.org/records/7777286	data_files	0.947	1	0	453.9
12653920	FIGURE 25 in A reappraisal of the cranial and mandibular osteology of the spinosaurid Irritator challengeri (Dinosauria: Theropoda)	https://zenodo.org/records/12653920	data_files	0.947	1	0	11.1
4310119	Longitudinal changes in the retinal microstructures of eyes with chiasmal compression	https://zenodo.org/records/4310119	data_files	0.947	1	0	1.3
7253949	Interpretable Gender Classification from Retinal Fundus Images Using BagNets	https://zenodo.org/records/7253949	data_files	0.947	0	0	35.3
10082674	ComplexEye - a multi lens array microscope for High-Throughput embedded immune cell migration analysis	https://zenodo.org/records/10082674	data_files	0.946	0	21	178141.8
6476639	UTHealth - Fundus and Synthetic OCT-A Dataset (UT-FSOCTA)	https://zenodo.org/records/6476639	data_files	0.945	0	1	1098.1
10110266	Fig. 12 in The Braincase In Paleozoic Symmoriiform And Cladoselachian Sharks	https://zenodo.org/records/10110266	data_files	0.945	1	0	0.1
241664	FIGURE 5 in Re-description of Craspodema reflectans (Nematoda, Cyatholaimidae) using confocal laser scanning microscopy	https://zenodo.org/records/241664	data_files	0.944	1	0	2.6
8255589	liulx37/Deep-Fundus: release v1	https://zenodo.org/records/8255589	data_files	0.944	0	1	129.1
14844471	qtOCT: quantitative transmission optical coherence tomography - dataset	https://zenodo.org/records/14844471	data_files	0.944	3	1	29744.1
8009107	A Fundus Image Dataset for Domain Generalization in Joint Segmentation of Optic Disc and Optic Cup	https://zenodo.org/records/8009107	data_files	0.943	0	1	587.0
3635402	Measurement of Absolute Retinal Blood Flow Using a Laser Doppler Velocimeter Combined with Adaptive Optics	https://zenodo.org/records/3635402	data_files	0.943	0	1	1342.8
11227307	Confocal and micro-CT data of Foveapeltis rutai	https://zenodo.org/records/11227307	data_files	0.941	0	4	4118.5
17408396	The human fovea is relatively horizontally elongated in infantile nystagmus	https://zenodo.org/records/17408396	data_files	0.941	48	0	48.0
3944663	Multi-scale optical coherence tomography imaging and visualization of Vermeer's Girl with a Pearl Earring	https://zenodo.org/records/3944663	data_files	0.94	13	1	6521.7
5349944	Fig. 25 in Cranial Anatomy Of Kryptobaatar Dashzevegi (Mammalia, Multituberculata), And Its Bearing On The Evolution Of Mammalian Characters	https://zenodo.org/records/5349944	data_files	0.94	1	0	0.8
14506311	"Dataset published in the article ""The Effects of the Coating and Aging of Biodegradable Polylactic Acid Membranes on In Vitro Primary Human Retinal Pi"	https://zenodo.org/records/14506311	data_files	0.938	5	0	3.5
14764537	Figure 4. Apostylonychia baugilensis after protargol impregnation. A, B in Disentangling the stylonychine ciliates (Ciliophora: Hypotricha): the estab	https://zenodo.org/records/14764537	data_files	0.938	1	0	1.9
10035093	JustRAIGS challenge training data set	https://zenodo.org/records/10035093	data_files	0.938	0	6	51675.0
11096799	Evolution of retinal degeneration and prediction of disease activity in relapsing and progressive multiple sclerosis	https://zenodo.org/records/11096799	data_files	0.937	0	1	0.1
15830961	Cryo-electron microscopy images of thin, vitreous biological samples with gold fiducial markers	https://zenodo.org/records/15830961	data_files	0.937	0	1	296.0
12801538	benrthomson/EMCN: Non-endothelial expression of Endomucin in the mouse and human choroid	https://zenodo.org/records/12801538	data_files	0.937	0	1	28.4
7922159	Figure 5 in X-ray microcomputed and synchrotron tomographic analysis of the basicranial axis of emydopoid dicynodonts: implications for fossoriality a	https://zenodo.org/records/7922159	data_files	0.937	1	0	1.3
6784358	Diabetic Macular Edema VQA Dataset	https://zenodo.org/records/6784358	data_files	0.937	0	1	35.0
3554935	"Datsets for Publication ""In-Vitro MPI-Guided IVOCT Catheter Tracking in Real Time for Motion Artifact Compensation"""	https://zenodo.org/records/3554935	data_files	0.935	0	3	33435.9
14751254	Operative videos:  QEVO - assisted anatomical inspection of adjacent perforators in microsurgical clipping – technical note	https://zenodo.org/records/14751254	data_files	0.935	0	1	270.7
10333144	08 102 20 SD MR	https://zenodo.org/records/10333144	data_files	0.935	5	0	23.1
13620846	Fig. 6 in The endocranium of the theropod dinosaur Ceratosaurus studied with computed tomography	https://zenodo.org/records/13620846	data_files	0.934	1	0	0.4
7891956	Thaumastocephalus Poggi, Nonveiller, Colla, Pavicevic & Rada 2001	https://zenodo.org/records/7891956	related_dataset	0.934	0	0	0.0
17127265	CornOrb: A Multimodal Dataset of Orbscan Corneal Topography and Clinical Annotations for Keratoconus Detection	https://zenodo.org/records/17127265	data_files	0.933	0	1	648.7
4994030	Data from: Human foveal cone photoreceptor topography and its dependence on eye length	https://zenodo.org/records/4994030	data_files	0.933	0	1	31.7
14014720	Human Retina Cell Atlas reference model	https://zenodo.org/records/14014720	dataset_link	0.931	0	0	19922.7
7613973	Face detection dataset perturbed using Gimp's foggify filterwith turbulence=4.0 and opacity 100.	https://zenodo.org/records/7613973	data_files	0.931	0	1	227.9
4950918	Data from: Analysis of potential ischemic effect of intravitreal bevacizumab on unaffected retina in treatment-naïve macular edema due to branch retin	https://zenodo.org/records/4950918	data_files	0.931	0	3	58.6
4688505	FIG. 3 in Skull and brain anatomy of Late Carboniferous Sibyrhynchidae (Chondrichthyes, Iniopterygia) from Kansas and Oklahoma (USA)	https://zenodo.org/records/4688505	data_files	0.931	1	0	0.3
7036288	mobernabeu/PlexusMorphometricsBarbacena2022: Release with publication	https://zenodo.org/records/7036288	data_files	0.931	0	1	0.0
241666	FIGURE 7 in Re-description of Craspodema reflectans (Nematoda, Cyatholaimidae) using confocal laser scanning microscopy	https://zenodo.org/records/241666	data_files	0.93	1	0	2.0
13625812	Multicenter normative data for mesopic microperimetry	https://zenodo.org/records/13625812	data_files	0.93	0	1	47.9
7922165	Figure 7 in X-ray microcomputed and synchrotron tomographic analysis of the basicranial axis of emydopoid dicynodonts: implications for fossoriality a	https://zenodo.org/records/7922165	data_files	0.93	1	0	1.8
4970545	Data from: Quantitative analysis of fundus-image sequences reveals phase of spontaneous venous pulsations	https://zenodo.org/records/4970545	data_files	0.93	0	1	113.1
7988827	DAPI stained Gonatus onyx retina	https://zenodo.org/records/7988827	data_files	0.929	1	0	7.3
8172205	Hand-eye Camera dataset	https://zenodo.org/records/8172205	data_files	0.929	0	1	24296.8
17187000	Retinal S-cone specific anatomical and physiological data in the thirteen-lined ground squirrel	https://zenodo.org/records/17187000	data_files	0.929	0	4	29681.1
13126130	Fig. 332 in Generic Revision Of The Dioptinae (Lepidoptera: Noctuoidea: Notodontidae) Part 2: Josiini	https://zenodo.org/records/13126130	data_files	0.929	1	0	2.4
13883485	Ocular Toxoplasmosis Fundus Images Dataset	https://zenodo.org/records/13883485	data_files	0.928	0	1	260.0
12197979	Fig. 1 in Petrosal and cranial vascular system of the early Eocene palaeoryctid mammal Eoryctes melanus from northwestern Wyoming, USA	https://zenodo.org/records/12197979	data_files	0.924	1	0	0.7
14796168	NIH-NEI/oct-image-segmentation-models: v0.8.2	https://zenodo.org/records/14796168	data_files	0.924	0	1	0.1
11198498	Strain distribution and gradient refractive index calculation from optical coherence tomography BM-scans of the in vivo crystalline lens.	https://zenodo.org/records/11198498	data_files	0.923	0	1	0.0
12703870	Datasets relating to characterisation of Jumping Spider Rhodopsin-1 after reconstitution with retinal and retinal analogues	https://zenodo.org/records/12703870	data_files	0.922	1	0	1.1
15705573	Synchrotron nanoprobe X-ray fluorescence elemental maps of adult mouse retina.	https://zenodo.org/records/15705573	data_files	0.919	0	1	11.9
7929829	Physiological significance of the heterogeneous distribution of zeaxanthin and lutein in the retina of the human eye	https://zenodo.org/records/7929829	data_files	0.919	0	7	10873.0
6425084	Scanning dynamic light scattering optical coherence tomography for measurement of high omnidirectional flow velocities	https://zenodo.org/records/6425084	data_files	0.918	0	4	34506.4
5745834	Rotterdam EyePACS AIROGS train set - Part 2/2	https://zenodo.org/records/5745834	dataset_link	0.913	0	0	0.0
7837229	OMMT-Fibre: textile fibres acquired using OptoMechanical Modulation Tomography (OMMT)	https://zenodo.org/records/7837229	data_files	0.913	0	1	921.1
10817674	Tethered optoacoustic and optical coherence tomography capsule endoscopy for label-free assessment of Barrett's esophageal neoplasia - datasets and co	https://zenodo.org/records/10817674	data_files	0.913	0	1	581.4
10625432	High-confidence and high-throughput quantification of synapse engulfment by oligodendrocyte precursor cells	https://zenodo.org/records/10625432	data_files	0.912	0	4	9111.4
17736039	Test sample for deconvolution benchmarking	https://zenodo.org/records/17736039	data_files	0.91	2	0	19.6
8287928	RVD: A Handheld Device-Based Fundus Video Dataset for Retinal Vessel Segmentation	https://zenodo.org/records/8287928	data_files	0.909	0	11	24847.1
7135930	In Situ Volumetric Imaging and Analysis of FRESH 3D Bioprinted Constructs Using Optical Coherence Tomography (Data and 3D models)	https://zenodo.org/records/7135930	data_files	0.906	0	1	250.9
17587015	DREAM-RFI: the Diabetic Retinopathy Enhanced, Adapted, and Merged Retinal Fundus Image Dataset	https://zenodo.org/records/17587015	data_files	0.905	0	1	0.0
13134955	Fig. 7 in Histopathological characterisation of retinal lesions associated to Diplostomum species (Platyhelminthes: Trematoda) infection in polymorphi	https://zenodo.org/records/13134955	data_files	0.905	1	0	2.3
5358625	Fig. 7 in Morphology of the Braincase in the Cretaceous Hybodont Shark Tribodus limae (Chondrichthyes: Elasmobranchii), Based on CT Scanning	https://zenodo.org/records/5358625	data_files	0.904	1	0	0.6
4941850	Data from: A causal role for the precuneus in network-wide theta and gamma oscillatory activity during complex memory retrieval	https://zenodo.org/records/4941850	data_files	0.903	0	24	7385.2
7169198	Trassedia Cancemi 1996	https://zenodo.org/records/7169198	related_dataset	0.902	0	0	0.0
13620116	FIGURE 5 in Endocranial morphology of the extinct Antillean shrew Nesophontes (Lipotyphla: Nesophontidae) from natural and digital endocasts of Cuban 	https://zenodo.org/records/13620116	data_files	0.901	1	0	2.1
4946807	linchundan88/fundus_image_quality_assessment: fundus image quanlity assessment	https://zenodo.org/records/4946807	data_files	0.901	0	1	5.5
5361156	Fig. 11 in Braincase Of The Upper Devonian Shark Cladodoides Wildungensis (Chondrichthyes, Elasmobranchii With Observations On The Braincase In Early 	https://zenodo.org/records/5361156	data_files	0.899	1	0	0.1
15829831	jso111/KimPan2025: KimPan2025 - Human inner ear fluid imbalance	https://zenodo.org/records/15829831	related_dataset	0.899	0	0	0.1
8284436	Aspergillus flavus germination, ex vivo	https://zenodo.org/records/8284436	data_files	0.895	0	1	7.3
4362534	Hypanthracos Grazia & Campos 1996	https://zenodo.org/records/4362534	related_dataset	0.894	0	0	0.0
14664339	Fig. 9 in Cranium of SipaloCYon externUS (Metatheria, Sparassodonta) with remarks on the paleoneurology of hathliacynids and insights into the Early M	https://zenodo.org/records/14664339	data_files	0.893	1	0	2.3
8251509	morkenigs/Choroid-plexus-RNA-seq: Release 1	https://zenodo.org/records/8251509	data_files	0.893	0	1	0.0
6611133	Multishell Diffusion MR Tractography Yields Morphological and Microstructural Information of the Anterior Optic  Pathway: A Proof-of-Concept Study in 	https://zenodo.org/records/6611133	data_files	0.893	0	1	0.2
4005629	Axial currents recordings in mouse retinal ganglion cells	https://zenodo.org/records/4005629	data_files	0.892	0	1	7609.3
3487093	Figure 6 from: Hosie AM, Fromont J, Munyard K, Jones DS (2019) Description of a new species of Membranobalanus (Crustacea, Cirripedia) from southern A	https://zenodo.org/records/3487093	data_files	0.891	1	0	0.4
13134945	Fig. 2 in Histopathological characterisation of retinal lesions associated to Diplostomum species (Platyhelminthes: Trematoda) infection in polymorphi	https://zenodo.org/records/13134945	data_files	0.889	1	0	1.0
3724727	"Data to ""Choroidal changes in intermediate age-related macular degeneration patients with drusen or pseudodrusen."""	https://zenodo.org/records/3724727	data_files	0.889	0	1	0.2
10962206	FIGURE 7 in Two exceptional Balaenomorpha (Cetacea: Mysticeti) from the Biemenhorst Subformation (middle/late Miocene) of Bocholt (W Münsterland, Germ	https://zenodo.org/records/10962206	data_files	0.887	1	0	1.0
11073090	pCLE Probe-Tissue Orientation (pCLE-PTO) dataset	https://zenodo.org/records/11073090	data_files	0.887	0	1	2010.8
12796018	Fig. 4 in Morphology of the Auditory Region in Paramys copei and Other Eocene Rodents from North America	https://zenodo.org/records/12796018	data_files	0.886	1	0	0.0
12562673	A Fundus Image Dataset for RDD-Net  in Glaucoma diagnosis	https://zenodo.org/records/12562673	data_files	0.886	0	5	291.6
2620718	Figure 2 from: Sukparangsi W, Pochai A, Wongkunanusorn C, Khachonpisitsak S (2019) Discovery of Neonrosella vitiata (Darwin) and Newmanella spinosus C	https://zenodo.org/records/2620718	data_files	0.885	1	0	0.6
293484	FIGURE 4 in Revision of Family Megacalanidae (Copepoda: Calanoida)	https://zenodo.org/records/293484	data_files	0.885	1	0	1.2
241663	FIGURE 4 in Re-description of Craspodema reflectans (Nematoda, Cyatholaimidae) using confocal laser scanning microscopy	https://zenodo.org/records/241663	data_files	0.884	1	0	1.5
12571971	Fig. 5 in A Rare Flatfish, Samaris spinea (Teleostei: Pleuronectiformes: Samaridae) from the Ogasawara Islands, Japan, with Notes on Its Distribution,	https://zenodo.org/records/12571971	data_files	0.883	1	0	0.8
10579185	MSI(Mass spectrum imaging) dataset for MS-DIAL5 tutorial	https://zenodo.org/records/10579185	data_files	0.882	0	1	4848.4
17871518	Fig. 5 in A taxonomic and morphological redescription of Potamotrygon falkneri Castex & Maciel, 1963 (Chondrichthyes: Myliobatiformes: Potamotrygonida	https://zenodo.org/records/17871518	data_files	0.881	1	0	1.4
12571967	Fig. 3 in A Rare Flatfish, Samaris spinea (Teleostei: Pleuronectiformes: Samaridae) from the Ogasawara Islands, Japan, with Notes on Its Distribution,	https://zenodo.org/records/12571967	data_files	0.88	1	0	1.7
13134959	Fig. 12 in Histopathological characterisation of retinal lesions associated to Diplostomum species (Platyhelminthes: Trematoda) infection in polymorph	https://zenodo.org/records/13134959	data_files	0.879	1	0	1.2
4462320	Classification of pseudocalcium visual responses from mouse retinal ganglion cells	https://zenodo.org/records/4462320	data_files	0.878	0	2	296.5
5373630	Fig. 21. P in Phylogenetic Systematics of North American Pseudaelurus (Carnivora: Felidae)	https://zenodo.org/records/5373630	data_files	0.876	1	0	0.7
7600576	AutoTEM_Lens_Correction_21617_R1_166_T5_15_20201231140731_20201231140731	https://zenodo.org/records/7600576	data_files	0.873	0	1	1923.4
6717396	Confocal data of Alloterocucus atratus, holotype, NIGP180056	https://zenodo.org/records/6717396	data_files	0.873	0	1	1214.4
16972071	Fig. 3 in Cranial osteology of CYnodiCtiS (Amphicyonidae), the oldest European carnivoran	https://zenodo.org/records/16972071	data_files	0.872	1	0	3.6
17219542	Indian Diabetic Retinopathy Image Dataset (IDRiD) — Segmentation, Grading & Localization ZIP Files	https://zenodo.org/records/17219542	data_files	0.871	0	3	962.5
7786002	19: Retinal Fundus Multi-Disease Image Dataset (RFMiD)	https://zenodo.org/records/7786002	data_files	0.87	1	1	115.5
5210069	Cephalastor humeralis Garcete-Barrett & Hermes 2010, n. sp.	https://zenodo.org/records/5210069	related_dataset	0.869	0	0	0.0
2620726	Figure 6 from: Sukparangsi W, Pochai A, Wongkunanusorn C, Khachonpisitsak S (2019) Discovery of Neonrosella vitiata (Darwin) and Newmanella spinosus C	https://zenodo.org/records/2620726	data_files	0.867	1	0	0.6
4362542	Ogmocoris hypomelas : MAYR 1866	https://zenodo.org/records/4362542	related_dataset	0.865	0	0	0.0
8075195	AstroFatheddin/Roman-Multi-Planetary-data: v1.0	https://zenodo.org/records/8075195	data_files	0.865	0	1	97.0
3832094	Measurement of Absolute Retinal Blood Flow Using a Laser Doppler Velocimeter Combined with Adaptive Optics	https://zenodo.org/records/3832094	data_files	0.864	0	2	1322.6
4636514	FIGURE 5 in Eubostrichopsis johnpearsei n. gen., n. sp., the first stilbonematid nematode (Nematoda, Desmodoridae) from the US West Coast	https://zenodo.org/records/4636514	data_files	0.864	1	0	0.9
5912949	FiloMap test dataset	https://zenodo.org/records/5912949	data_files	0.862	0	1	77.6
13258829	Fig. 15 in Systematic revision of the Potamotrygon motoro (Müller & Henle, 1841) species complex in the Paraná-Paraguay basin, with description of two	https://zenodo.org/records/13258829	data_files	0.861	1	0	2.0
187885	FIGURE 4 in Hemitriakis indroyonoi sp. nov., a new species of houndshark from Indonesia (Carcharhiniformes: Triakidae)	https://zenodo.org/records/187885	data_files	0.86	1	0	0.8
211073	FIGURE 12 in New and lesser known species of Chrysopetalidae, Phyllodocidae and Syllidae from south California (Phyllodocida, Aciculata, Annelida)	https://zenodo.org/records/211073	data_files	0.859	1	0	1.0
15116181	Evaluation strategy for image acquisition protocols in confocal microscopy mosaic imaging of the cornea	https://zenodo.org/records/15116181	data_files	0.858	0	4	5253.8
11188503	Short-Exposure Transmission Electron Microscopy of Cilia	https://zenodo.org/records/11188503	data_files	0.858	2	0	30.7
4402326	Caecum magellanicum	https://zenodo.org/records/4402326	related_dataset	0.857	0	0	0.0
10544430	Ambohima GRISWOLD 1990	https://zenodo.org/records/10544430	related_dataset	0.857	0	0	0.0
8356537	"Supporting data for ""A new method for in vivo assessment of corneal transparency using spectral-domain OCT"""	https://zenodo.org/records/8356537	data_files	0.856	0	3	77.7
5210760	FIG. 57 in Alcidedorbignya inopinata, a basal pantodont (Placentalia, Mammalia) from the early Palaeocene of Bolivia: anatomy, phylogeny and palaeobio	https://zenodo.org/records/5210760	data_files	0.855	1	0	0.5
5415716	FIG. 24 in Caudal Cranium Of Thylacosmilus Atrox (Mammalia, Metatheria, Sparassodonta), A South American Predaceous Sabertooth	https://zenodo.org/records/5415716	data_files	0.854	1	0	8.9
1161643	Fig 7 in Biodiversity and Biogeography of Chthamalid Barnacles from the North-Eastern Pacific (Crustacea Cirripedia)	https://zenodo.org/records/1161643	data_files	0.853	1	0	3.9
14505724	Zeiss Lattice Light Sheet 7 Point Spread Functions and example dataset	https://zenodo.org/records/14505724	data_files	0.853	56	0	4948.2
7572397	453. Large vessel vasculitis – a pain in the neck	https://zenodo.org/records/7572397	data_files	0.852	1	0	6.0
7678656	Topological characterization of the retinal microvascular network visualized by portable fundus camera- effects of chronic disease (TREND2)  database	https://zenodo.org/records/7678656	data_files	0.851	0	4	85.9
5354770	Fig. 27 in New Data On The Skull And Dentition In The Mongolian Late Cretaceous Eutherian Mammal Zalambdalestes	https://zenodo.org/records/5354770	data_files	0.851	1	0	0.4
182805	FIGURE 5 in A review of the Australian skate genus Pavoraja Whitley (Rajiformes: Arhynchobatidae)	https://zenodo.org/records/182805	data_files	0.85	1	0	0.2
7944079	PCA involvement subtypes	https://zenodo.org/records/7944079	data_files	0.848	1	0	1.5
8276410	Cube Plenoptic Dataset	https://zenodo.org/records/8276410	data_files	0.848	1	2	1654.0
13171217	Fig. 6 in 3D- microanatomy of the semiterrestrial slug Gascoignella aprica Jensen, 1985-a basal plakobranchacean sacoglossan (Gastropoda, Panpulmonata	https://zenodo.org/records/13171217	data_files	0.847	1	0	0.1
12210617	Figure 4 in Notoraja hirticauda, a new species of skate (Chondrichthyes: Rajoidei) from the south-eastern Indian Ocean	https://zenodo.org/records/12210617	data_files	0.847	1	0	0.1
17037918	Afadin-deficient retinas exhibit severe neuronal lamination defects but preserve visual functions	https://zenodo.org/records/17037918	data_files	0.846	0	12	23137.0
14829342	Figure 9 in Neurovascular anatomy of the protostegid turtle Rhinochelys pulchriceps and comparisons of membranous and endosseous labyrinth shape in an	https://zenodo.org/records/14829342	data_files	0.845	1	0	1.1
5415722	FIG. 27 in Caudal Cranium Of Thylacosmilus Atrox (Mammalia, Metatheria, Sparassodonta), A South American Predaceous Sabertooth	https://zenodo.org/records/5415722	data_files	0.842	1	0	3.5
5210692	FIG. 29 in Alcidedorbignya inopinata, a basal pantodont (Placentalia, Mammalia) from the early Palaeocene of Bolivia: anatomy, phylogeny and palaeobio	https://zenodo.org/records/5210692	data_files	0.841	1	0	4.3
7318381	Figure 7 in Jurassic mammaliaform petrosals from Western Siberia (Russia) and implications for early mammalian inner-ear anatomy	https://zenodo.org/records/7318381	data_files	0.838	1	0	1.9
14829336	Figure 6 in Neurovascular anatomy of the protostegid turtle Rhinochelys pulchriceps and comparisons of membranous and endosseous labyrinth shape in an	https://zenodo.org/records/14829336	data_files	0.838	1	0	1.1
13134957	Fig. 11. A in Histopathological characterisation of retinal lesions associated to Diplostomum species (Platyhelminthes: Trematoda) infection in polymo	https://zenodo.org/records/13134957	data_files	0.837	1	0	2.7
13266866	Fig. 1. Abomasal tissue infected predominantly with A. sidemi. A in Nematode-induced pathological lesions and alterations of mucin pattern identified 	https://zenodo.org/records/13266866	data_files	0.836	1	0	2.8
15640692	Fig. 1 in A macroscopic classification of the embryonic development of the one-sided livebearer Jenynsia multidentata (Teleostei: Anablepidae)	https://zenodo.org/records/15640692	data_files	0.836	1	0	4.9
14827235	Figure 1 in Fiopt data on eaolv inptao Afootoopical Miltogoamminae (Dipteoa: Saocophagidae) oeveal unexpected moophological diveopitv	https://zenodo.org/records/14827235	data_files	0.836	1	0	10.5
241662	FIGURE 3 in Re-description of Craspodema reflectans (Nematoda, Cyatholaimidae) using confocal laser scanning microscopy	https://zenodo.org/records/241662	data_files	0.835	1	0	0.3
11999463	Fig. 6 3D in First evidence of PRoganoCHelYS QUenStedtii (Testudinata) from the PlateoSaURUS bonebeds (Norian, Late Triassic) of Frick, Canton Aargau,	https://zenodo.org/records/11999463	data_files	0.833	1	0	0.8
5210403	Figure 5 in Confocal laser scanning microscopy analysis of the phalloidin-labelled musculature in nemerteans	https://zenodo.org/records/5210403	data_files	0.832	1	0	2.7
4138957	Deep-tissue label-free quantitative optical tomography	https://zenodo.org/records/4138957	data_files	0.831	0	1	560.8
5375815	FIG. 3. — A-D, Monticulipora cystiphragmata n in New Monticuliporidae (Bryozoa, Trepostomata) from the Cystoid Limestone Formation (Upper Ordovician) 	https://zenodo.org/records/5375815	data_files	0.83	1	0	8.2
15702511	New insights into corneal development from vEM	https://zenodo.org/records/15702511	data_files	0.829	1	0	0.7
5349942	Fig. 24 in Cranial Anatomy Of Kryptobaatar Dashzevegi (Mammalia, Multituberculata), And Its Bearing On The Evolution Of Mammalian Characters	https://zenodo.org/records/5349942	data_files	0.829	1	0	0.0
12674694	Code for Enhancing Model Generalisability through Sampling Diverse and Balanced Retinal Images	https://zenodo.org/records/12674694	data_files	0.826	0	1	0.5
7322654	FIGURE 6 in New species of Temnocephala (Platyhelminthes, Temnocephalidae) ectosymbiont on decapod crustaceans Aegla jarai (Aeglidae) from Brazil and 	https://zenodo.org/records/7322654	data_files	0.824	1	0	5.8
5210698	FIG. 32 in Alcidedorbignya inopinata, a basal pantodont (Placentalia, Mammalia) from the early Palaeocene of Bolivia: anatomy, phylogeny and palaeobio	https://zenodo.org/records/5210698	data_files	0.824	1	0	1.2
5938758	#GliaMorph - Double-transgenic Müller Glia Data at 3dpf and 5dpf Zebrafish	https://zenodo.org/records/5938758	dataset_link	0.823	0	0	0.0
13180782	Fig. 3 in Early development of Monoplex pilearis and Monoplex parthenopeus (Gastropoda: Cymatiidae): biology and morphology	https://zenodo.org/records/13180782	data_files	0.82	1	0	0.3
13620122	FIGURE 8 in Endocranial morphology of the extinct Antillean shrew Nesophontes (Lipotyphla: Nesophontidae) from natural and digital endocasts of Cuban 	https://zenodo.org/records/13620122	data_files	0.818	1	0	2.0
7991552	Mellak/Toolbox-for-the-analysis-of-3D-OCT-images-of-murine-retina: v0.0.1	https://zenodo.org/records/7991552	data_files	0.818	0	1	1.3
5210754	FIG. 54 in Alcidedorbignya inopinata, a basal pantodont (Placentalia, Mammalia) from the early Palaeocene of Bolivia: anatomy, phylogeny and palaeobio	https://zenodo.org/records/5210754	data_files	0.818	1	0	4.2
7050989	A dataset of global variations in directional solar radiation exposure for ocular research using the libRadtran radiative transfer model	https://zenodo.org/records/7050989	data_files	0.818	0	1	29.6
5101351	Deconvolution Test Dataset	https://zenodo.org/records/5101351	data_files	0.818	5	0	576.8
3487091	Figure 5 from: Hosie AM, Fromont J, Munyard K, Jones DS (2019) Description of a new species of Membranobalanus (Crustacea, Cirripedia) from southern A	https://zenodo.org/records/3487091	data_files	0.817	1	0	0.7
13258831	Fig. 14 in Systematic revision of the Potamotrygon motoro (Müller & Henle, 1841) species complex in the Paraná-Paraguay basin, with description of two	https://zenodo.org/records/13258831	data_files	0.816	1	0	0.7
6941792	Gatta-SIM nanorulers	https://zenodo.org/records/6941792	data_files	0.814	5	0	12.6
282878	FIGURES 19–24 in Taxonomy of ' Euconnus complex'. Part I. Morphology of Euconnus s. str. and revision of Euconnomorphus Franz and Venezolanoconnus Fra	https://zenodo.org/records/282878	data_files	0.814	1	0	0.2
10625678	RachelQueen1/BBSRC_Retina: Developing human retina v1.0.1	https://zenodo.org/records/10625678	data_files	0.813	0	1	0.1
3768343	Figure 22 in Cretaceous Crocodyliforms from the Sahara	https://zenodo.org/records/3768343	data_files	0.811	1	0	1.3
7695704	Speleomantes Dubois 1984	https://zenodo.org/records/7695704	related_dataset	0.81	0	0	0.0
12681495	FIGURE 4 in A new intertidal barnacle, Chthamalus ngankeeae sp. nov. (Balanomorpha: Chthamalidae) from the Malaysian Peninsula and western Borneo wate	https://zenodo.org/records/12681495	data_files	0.807	1	0	10.3
6339707	DeepCAD-RT dataset: zebrafish optic tectum neurons	https://zenodo.org/records/6339707	data_files	0.807	2	0	6476.2
12832558	Fig. 2 in Tegumental topography and molecular characterisation of two trematodes (Platyhelminthes: Digenea) from Clarias gariepinus (Burchell, 1822) i	https://zenodo.org/records/12832558	data_files	0.806	1	0	1.2
10675798	FIGURE 5 in Taxonomic revision of the jumping spider genus Tullgrenella Mello-Leitão, 1941 (Araneae: Salticidae: Freyina)	https://zenodo.org/records/10675798	data_files	0.806	1	0	4.3
10966172	IRIS Carbon Mapping Project: Curated Dataset	https://zenodo.org/records/10966172	data_files	0.804	0	1	0.2
284369	FIGURE 41 in Morphological and taxonomic revision of species of Squatina from the Southwestern Atlantic Ocean (Chondrichthyes: Squatiniformes: Squatin	https://zenodo.org/records/284369	data_files	0.804	1	0	1.5
5391401	FIG. 3 in A new genus and species of barnacle (Cirripedia, Verrucomorpha) associated with vents of the Lau Back-Arc Basin: its gross morphology, infer	https://zenodo.org/records/5391401	data_files	0.802	1	0	0.3
4318390	Figures 30-38 from: Senarat S, Kettratad J, Kaneko G, Kamnurdnin T, Sudtongkong C (2020) The microanatomy of the central nervous system and brain of t	https://zenodo.org/records/4318390	data_files	0.801	1	0	0.8
13620126	FIGURE 10 in Endocranial morphology of the extinct Antillean shrew Nesophontes (Lipotyphla: Nesophontidae) from natural and digital endocasts of Cuban	https://zenodo.org/records/13620126	data_files	0.801	1	0	0.7
13172100	Fig. 7 Subesophageal neuropils. 3D in Comparative 3D microanatomy and histology of the eyes and central nervous systems in coleoid cephalopod hatchlin	https://zenodo.org/records/13172100	data_files	0.801	1	0	3.2
16943532	Hispanirhynchia cornea	https://zenodo.org/records/16943532	related_dataset	0.8	0	0	0.0
13172096	Fig. 6 in Comparative 3D microanatomy and histology of the eyes and central nervous systems in coleoid cephalopod hatchlings	https://zenodo.org/records/13172096	data_files	0.8	1	0	6.1
6466446	Fast raster-scan optoacoustic mesoscopy enables assessment of human melanoma microvasculature in vivo	https://zenodo.org/records/6466446	data_files	0.8	4	0	437.4
10521898	Fershwater Lens	https://zenodo.org/records/10521898	data_files	0.799	0	1	0.6
933953	Figure 4 from: Chan B (2011) Tetraclita ehsani sp. n. (Cirripedia, Tetraclitidae), a common intertidal barnacle from the Gulf of Oman, Iran. ZooKeys 1	https://zenodo.org/records/933953	data_files	0.797	1	0	1.0
4664838	FIG. 36 in Bothriolepid antiarchs (Vertebrata, Placodermi) from the Devonian of the north-western part of the East European Platform	https://zenodo.org/records/4664838	data_files	0.796	1	0	0.1
4928322	PLATE 4 in Hadzinia ferrani, sp. n. (Opiliones: Nemastomatidae), a highly specialized troglobiotic harvestman from Slovenia	https://zenodo.org/records/4928322	data_files	0.795	1	0	6.0
6606471	Sub-diffusion flow velocimetry with number fluctuation optical coherence tomography	https://zenodo.org/records/6606471	data_files	0.793	0	4	29722.2
8033335	Figure 2. Echinoplana celerrima. a in Taxonomy of subtidal marine Polyclads from Tabarka (northwest Tunisia) with remarks on their habitat preferences	https://zenodo.org/records/8033335	data_files	0.793	1	0	3.7
14829344	Figure 10 in Neurovascular anatomy of the protostegid turtle Rhinochelys pulchriceps and comparisons of membranous and endosseous labyrinth shape in a	https://zenodo.org/records/14829344	data_files	0.792	1	0	1.1
4635001	Figure 10 in The genus Teliocrinus (Crinoidea, Echinodermata): a key taxon among pentacrinid stalked crinoids	https://zenodo.org/records/4635001	data_files	0.792	1	0	0.2
10133063	Figure 10 in The genus Teliocrinus (Crinoidea, Echinodermata): a key taxon among pentacrinid stalked crinoids	https://zenodo.org/records/10133063	data_files	0.792	1	0	0.2
5379771	FIG. 23 in Exceptional Skull Of Huayqueriana (Mammalia, Litopterna, Macraucheniidae) From The Late Miocene Of Argentina: Anatomy, Systematics, And Pal	https://zenodo.org/records/5379771	data_files	0.79	1	0	0.3
10086012	FIGURE 10 in A New Species Of Neotropical Freshwater Stingray Of The Genus Potamotrygon Garman, 1877 From The Río Madre De Díos, Peru (Chondrichthyes:	https://zenodo.org/records/10086012	data_files	0.787	1	0	0.5
1216686	FIGURE 5 in A new deep-sea scalpelliform barnacle, Vulcanolepas buckeridgei sp. nov. (Eolepadidae: Neolepadinae) from hydrothermal vents in the Lau Ba	https://zenodo.org/records/1216686	data_files	0.785	1	0	11.7
981475	Figure 2 from: Klein A, Ghosh S (2016) Graph-based clinical diagnosis and prediction using multi-modal neuroimaging data. Research Ideas and Outcomes 	https://zenodo.org/records/981475	data_files	0.784	1	0	1.5
14829330	Figure 3 in Neurovascular anatomy of the protostegid turtle Rhinochelys pulchriceps and comparisons of membranous and endosseous labyrinth shape in an	https://zenodo.org/records/14829330	data_files	0.783	1	0	0.9
14798420	FIGURES 828–832 in Introduction to Scydmaeninae (Coleoptera, Staphylinidae): morphology of adults	https://zenodo.org/records/14798420	data_files	0.782	1	0	4.4
6669114	FIGURE 15 in Revision of the genus Centrophorus (Squaliformes: Centrophoridae): Part 3-Redescription of Centrophorus uyato (Rafinesque) with a discuss	https://zenodo.org/records/6669114	data_files	0.782	1	0	4.2
7761740	Human STING is a proton channel (Live-cell MGAT Super-Resolution Experiment)	https://zenodo.org/records/7761740	data_files	0.782	4	0	1094.6
241661	FIGURE 2 in Re-description of Craspodema reflectans (Nematoda, Cyatholaimidae) using confocal laser scanning microscopy	https://zenodo.org/records/241661	data_files	0.78	1	0	2.5
282879	FIGURES 25–27 in Taxonomy of ' Euconnus complex'. Part I. Morphology of Euconnus s. str. and revision of Euconnomorphus Franz and Venezolanoconnus Fra	https://zenodo.org/records/282879	data_files	0.779	1	0	1.2
11067139	FIGURE 6 in Redescription of the Rio skate Rioraja agassizii (Rajiformes: Arhynchobatidae) with notes on internal anatomy and intraspecific variation	https://zenodo.org/records/11067139	data_files	0.778	1	0	0.4
375984	FIGURES 23–26. 23 in Intraspecific variation in adult Uvitellina iraquensis Dronen, Ali & Al-Amura, 2013 (Cyclocoelidae: Haematotrephinae) from two co	https://zenodo.org/records/375984	data_files	0.776	1	0	2.7
1161624	Fig 20 in Biodiversity and Biogeography of Chthamalid Barnacles from the North-Eastern Pacific (Crustacea Cirripedia)	https://zenodo.org/records/1161624	data_files	0.775	1	0	3.5
201048	FIGURES 18–20 in Trichoptera — the newest insect order host of temnocephalans (Platyhelminthes, Temnocephalida) and the description of a new species o	https://zenodo.org/records/201048	data_files	0.774	1	0	3.8
211071	FIGURE 10 in New and lesser known species of Chrysopetalidae, Phyllodocidae and Syllidae from south California (Phyllodocida, Aciculata, Annelida)	https://zenodo.org/records/211071	data_files	0.774	1	0	0.8
3710344	Fig. 2 in Otolith morphometry provides length and weight predictions and insights about capture sites of Prochilodus lineatus (Characiformes: Prochilo	https://zenodo.org/records/3710344	data_files	0.773	1	0	0.2
15371380	FIGURE 2 in Holopelagic Annelida from the Red Sea off the Central Saudi Arabian coast	https://zenodo.org/records/15371380	data_files	0.773	1	0	0.5
10349235	Kotte	https://zenodo.org/records/10349235	data_files	0.768	7	0	37.7
6599442	CAMRIatUNC/Photometry-tools: HRF Computation	https://zenodo.org/records/6599442	data_files	0.767	0	1	0.1
6816137	EyeLab	https://zenodo.org/records/6816137	data_files	0.767	0	1	0.5
5179470	Figures 7–10 in Two new species of Batrisodes Reitter (Coleoptera: Staphylinidae: Pselaphinae) from eastern North America	https://zenodo.org/records/5179470	data_files	0.766	1	0	1.0
5361174	Fig. 20 in Braincase Of The Upper Devonian Shark Cladodoides Wildungensis (Chondrichthyes, Elasmobranchii With Observations On The Braincase In Early 	https://zenodo.org/records/5361174	data_files	0.764	1	0	0.1
7040860	felwag/photoreceptor-pattern-analysis: Photoreceptor pattern analysis	https://zenodo.org/records/7040860	data_files	0.759	0	1	0.2
7322650	FIGURE 5 in New species of Temnocephala (Platyhelminthes, Temnocephalidae) ectosymbiont on decapod crustaceans Aegla jarai (Aeglidae) from Brazil and 	https://zenodo.org/records/7322650	data_files	0.756	1	0	5.3
1161622	Fig 19 in Biodiversity and Biogeography of Chthamalid Barnacles from the North-Eastern Pacific (Crustacea Cirripedia)	https://zenodo.org/records/1161622	data_files	0.755	1	0	3.6
8192556	Localized Medical VQA	https://zenodo.org/records/8192556	data_files	0.754	0	1	1944.1
16721281	Figures 57- 58 from: Glasby CJ, Biriukova O, Martin P, Dyne GR, Utevsky S, Wilson RS (2025) ANNiKEY Linear – diagnoses, descriptions, and a single-acc	https://zenodo.org/records/16721281	data_files	0.754	1	0	0.2
14827237	Figure 2 in Fiopt data on eaolv inptao Afootoopical Miltogoamminae (Dipteoa: Saocophagidae) oeveal unexpected moophological diveopitv	https://zenodo.org/records/14827237	data_files	0.751	1	0	5.9
5210718	FIG. 39 in Alcidedorbignya inopinata, a basal pantodont (Placentalia, Mammalia) from the early Palaeocene of Bolivia: anatomy, phylogeny and palaeobio	https://zenodo.org/records/5210718	data_files	0.751	1	0	2.9
5211795	Fig. 4 in A new genus and five new species of the subfamily Florarctinae (Tardigrada, Arthrotardigrada)	https://zenodo.org/records/5211795	data_files	0.75	1	0	3.1
5994453	Alepia clavicula Durán-Luz & Ibáñez-Bernal & Sandoval-Ruiz 2018, sp. nov.	https://zenodo.org/records/5994453	related_dataset	0.748	0	0	0.0
13172092	Fig. 4 in Comparative 3D microanatomy and histology of the eyes and central nervous systems in coleoid cephalopod hatchlings	https://zenodo.org/records/13172092	data_files	0.748	1	0	5.5
5026036	Dynamic reconfiguration of macaque brain networks during natural vision	https://zenodo.org/records/5026036	data_files	0.748	22	0	3887.8
5210445	Figure 9 in Five invaginations and shedding of the larval epidermis during development of the hoplonemertean Pantinonemertes californiensis (Nemertea:	https://zenodo.org/records/5210445	data_files	0.747	1	0	0.5
12571969	Fig. 4 in A Rare Flatfish, Samaris spinea (Teleostei: Pleuronectiformes: Samaridae) from the Ogasawara Islands, Japan, with Notes on Its Distribution,	https://zenodo.org/records/12571969	data_files	0.746	1	0	1.0
5354804	Fig. 44 in New Data On The Skull And Dentition In The Mongolian Late Cretaceous Eutherian Mammal Zalambdalestes	https://zenodo.org/records/5354804	data_files	0.746	1	0	0.1
5379769	FIG. 22 in Exceptional Skull Of Huayqueriana (Mammalia, Litopterna, Macraucheniidae) From The Late Miocene Of Argentina: Anatomy, Systematics, And Pal	https://zenodo.org/records/5379769	data_files	0.745	1	0	0.3
6052378	"Raw confocal imaging and FRAP data for ""Tuning levels of low-complexity domain interactions to modulate endogenous oncogenic transcription"""	https://zenodo.org/records/6052378	data_files	0.741	0	11	21756.1
13322138	FIGURE 49 in Two new species of freshwater stingrays of the genus Paratrygon (Chondrichthyes: Potamotrygonidae) from the Orinoco basin, with comments 	https://zenodo.org/records/13322138	data_files	0.74	1	0	0.7
7666462	Fig. 2 in Hitherto undescribed interommatidial exocrine glands in Chilopoda	https://zenodo.org/records/7666462	data_files	0.739	1	0	0.2
12685212	Paradrycothaea pilosicornis Martins, 2010, sp. nov.	https://zenodo.org/records/12685212	related_dataset	0.738	0	0	0.0
5358423	Fig. 21 in Four new sponge-inhabiting barnacles of the genus Acasta (Thoracica: Archaeobalanidae: Acastinae) from the Indo-Pacific	https://zenodo.org/records/5358423	data_files	0.738	1	0	3.4
17828201	obophenotype/uberon: 2025-12-05 Release	https://zenodo.org/records/17828201	data_files	0.737	0	1	46.5
12685214	Paradrycothaea jamesi Martins, 2010, sp. nov.	https://zenodo.org/records/12685214	related_dataset	0.736	0	0	0.0
7168262	Fig. 5 in Jumping and Grasping: Universal Locking Mechanisms in Insect Legs	https://zenodo.org/records/7168262	data_files	0.736	1	0	1.4
13797025	Confocal data of Bezesporum huchengi, holotype, NIGP204941	https://zenodo.org/records/13797025	data_files	0.734	0	1	1123.6
5311210	Lissoclinum roseum Kott 2001	https://zenodo.org/records/5311210	related_dataset	0.733	0	0	0.0
13134961	Fig. 13 in Histopathological characterisation of retinal lesions associated to Diplostomum species (Platyhelminthes: Trematoda) infection in polymorph	https://zenodo.org/records/13134961	data_files	0.732	1	0	1.3
4935639	A practical approach to functional optical coherence tomography shows abnormal retinal responses in Alzheimer's disease	https://zenodo.org/records/4935639	data_files	0.73	0	1	804.4
12656744	FIGURE 5 in A reinterpretation and taxonomic revision of Ultrastenos willisi Stein, Hand and Archer, 2016, a short-snouted mekosuchine crocodylian fro	https://zenodo.org/records/12656744	data_files	0.724	1	0	3.3
7195568	Thiratoscirtus tentativus Wesołowska & Russell-Smith 2022, comb. nov.	https://zenodo.org/records/7195568	related_dataset	0.721	0	0	0.0
1118112	Fig. 1 in Integrative description of two new species of Malagasy chirping giant pill-millipedes, genus Sphaeromimus (Diplopoda: Sphaerotheriida: Arthr	https://zenodo.org/records/1118112	data_files	0.718	1	0	4.0
6582341	Maximum a posteriori natural scene reconstruction from retinal ganglion cells with deep denoiser priors	https://zenodo.org/records/6582341	data_files	0.716	0	1	1383.3
14290719	Figure 6 in Miocene caddisflies from Australia: iron*rich sediments preserve internal organs, tracheoles, and corneal nanocoating of larvae and pupae	https://zenodo.org/records/14290719	data_files	0.716	1	0	23.7
10850384	Confocal data of Bulasconotus carinisternus, holotype, NIGP203566	https://zenodo.org/records/10850384	data_files	0.715	0	1	3829.4
2601035	FIGURE 4 in A new species of hydrothermal vent stalked barnacle Vulcanolepas (Scalpelliforms: Eolepadidae) from the North Fiji Basin, Southwestern Pac	https://zenodo.org/records/2601035	data_files	0.71	1	0	7.7
4020404	HyLFM Small Beads 2	https://zenodo.org/records/4020404	data_files	0.709	1	2	33981.7
4318392	Figures 39-51 from: Senarat S, Kettratad J, Kaneko G, Kamnurdnin T, Sudtongkong C (2020) The microanatomy of the central nervous system and brain of t	https://zenodo.org/records/4318392	data_files	0.709	1	0	1.1
5851573	Excitatory neurotransmission activates compartmentalized calcium transients in Müller glia without affecting lateral process motility	https://zenodo.org/records/5851573	data_files	0.708	7	0	672.3
4689121	FIG. 21 in Deep-sea Cirripedia Thoracica (Crustacea) from the northeastern Atlantic collected by French expeditions	https://zenodo.org/records/4689121	data_files	0.705	1	0	0.1
14657887	Figure 1 in Description of two ciliated protists from agricultural soils of India	https://zenodo.org/records/14657887	data_files	0.705	1	0	7.7
7931495	The Role Of The Intraoperative Optical Coherence Tomography For Vitreoretinal Surgery In A Real-Life Setting	https://zenodo.org/records/7931495	data_files	0.705	0	1	2439.9
8170356	Confocal data of Mysteriomorphus sp., NIGP202848	https://zenodo.org/records/8170356	data_files	0.704	0	1	2446.5
3713797	FIGURE 5 in Re-description of Chinese mitten crab Eriocheir sinensis H. Milne Edwards, 1853 (Crustacea: Brachyura: Grapsoidea: Varunidae) zoeal develo	https://zenodo.org/records/3713797	data_files	0.7	1	0	5.1
5574817	Confocal data of Gracilenticrus burmiticus, holotype, CNU-COL-MA2021001	https://zenodo.org/records/5574817	data_files	0.699	0	1	1827.1
252902	FIGURE 4 in Two new deep-sea stalked barnacles, Arcoscalpellum epeeum sp. nov. and Gymnoscalpellum indopacificum sp. nov., from the Coral Sea, with de	https://zenodo.org/records/252902	data_files	0.698	1	0	5.4
3713857	FIGURE 35 in Re-description of Chinese mitten crab Eriocheir sinensis H. Milne Edwards, 1853 (Crustacea: Brachyura: Grapsoidea: Varunidae) zoeal devel	https://zenodo.org/records/3713857	data_files	0.695	1	0	2.6
10844872	eacooper/ShapeIllusion: v1.0	https://zenodo.org/records/10844872	data_files	0.694	0	1	0.3
5358390	Fig. 7 in Four new sponge-inhabiting barnacles of the genus Acasta (Thoracica: Archaeobalanidae: Acastinae) from the Indo-Pacific	https://zenodo.org/records/5358390	data_files	0.693	1	0	4.5
3713851	FIGURE 32 in Re-description of Chinese mitten crab Eriocheir sinensis H. Milne Edwards, 1853 (Crustacea: Brachyura: Grapsoidea: Varunidae) zoeal devel	https://zenodo.org/records/3713851	data_files	0.692	1	0	2.5
221077	FIGURES 16–23. Aculepeira morenoae n in A new orb-weaving spider from the Argentinean flooding pampas grasses: Aculepeira morenoae new species (Aranea	https://zenodo.org/records/221077	data_files	0.691	1	0	2.7
3530103	FIGURE 8 in A new species of the coral associated barnacle (Thoracica: Pyrgomatidae: Pyrgoma) from a deep-sea oculinid coral in New Caledonian waters	https://zenodo.org/records/3530103	data_files	0.689	1	0	16.6
10256824	ResNet-50 classifiers and diffusion models trained on retinal fundus and OCT images	https://zenodo.org/records/10256824	data_files	0.689	0	3	4392.5
284663	FIGURE 3 in A new shrub frog in the genus Platymantis (Ceratobatrachidae) from the Nakanai Mountains of eastern New Britain Island, Bismarck Archipela	https://zenodo.org/records/284663	data_files	0.688	1	0	0.8
17409114	Dataset for: Broadband acousto-optic modulators on Silicon Nitride	https://zenodo.org/records/17409114	data_files	0.686	0	1	2829.6
14052297	Mosaic Datasets	https://zenodo.org/records/14052297	data_files	0.686	0	1	0.0
5378257	Fig. 13 in Herpetofauna Of The Yutajé -Corocoro Massif, Venezuela: Second Report From The Robert G. Goelet American Museum-Terramar Expedition To The 	https://zenodo.org/records/5378257	data_files	0.685	1	0	0.2
15772748	amanasj/readheyexxml: v1.0	https://zenodo.org/records/15772748	data_files	0.685	0	1	0.0
7907937	Pseudonannolene spelaea Iniesta & Ferreira 2013	https://zenodo.org/records/7907937	related_dataset	0.682	0	0	0.0
3672007	Dhdds CreRPE Supplemental figures	https://zenodo.org/records/3672007	data_files	0.682	0	1	752.1
7665117	Optical Distortion Matrices Deep Inside A Human Cornea	https://zenodo.org/records/7665117	data_files	0.681	5	0	24360.4
252907	FIGURE 9 in Two new deep-sea stalked barnacles, Arcoscalpellum epeeum sp. nov. and Gymnoscalpellum indopacificum sp. nov., from the Coral Sea, with de	https://zenodo.org/records/252907	data_files	0.68	1	0	5.4
15355369	Data for Gravitational Lenses in UNIONS and Euclid (GLUE) I: A Search for Strong Gravitational Lenses in UNIONS with Subaru, CFHT, and Pan-STARRS Data	https://zenodo.org/records/15355369	data_files	0.68	0	1	231.3
13167363	Fig. 2 in The specialized thoracic skeletomuscular system of the myrmecophile Claviger testaceus (Pselaphinae, Staphylinidae, Coleoptera)	https://zenodo.org/records/13167363	data_files	0.679	1	0	2.4
14183334	Drosophila pupal retina	https://zenodo.org/records/14183334	data_files	0.679	0	1	19813.2
10831268	Figures 814–822 in A survey of proximal sensilla associated with denticle subrows on scorpion pedipalp fingers (Arachnida: Scorpiones), with observati	https://zenodo.org/records/10831268	data_files	0.679	1	0	2.0
13171563	Fig. 1 in Impact of habitat and life trait on character evolution of pallial eyes in Pectinidae (Mollusca: bivalvia)	https://zenodo.org/records/13171563	data_files	0.678	1	0	0.2
5279474	FIG. 8 in Ciliated protozoa from a volcanic crater-lake in Victoria, Australia	https://zenodo.org/records/5279474	data_files	0.676	1	0	0.0
5069695	FIGURE 1 in A new species of Pseudione sensu lato (Isopoda: Bopyridae) on a squat lobster host from the deep South-West Atlantic	https://zenodo.org/records/5069695	data_files	0.67	1	0	0.3
3735296	FIGURE 4 in Moebjergarctus clarionclippertonensis, a new abyssal tardigrade (Arthrotardigrada, Halechiniscidae, Euclavarctinae) from the Clarion-Clipp	https://zenodo.org/records/3735296	data_files	0.669	1	0	3.2
4019246	HyLFM Small Beads 0	https://zenodo.org/records/4019246	data_files	0.664	0	3	2631.7
4647528	Fig. 3 in Trichomycterus payaya, new catfish from headwaters of rio (Siluriformes: Trichomycteridae) Itapicuru, Bahia, Brazil	https://zenodo.org/records/4647528	data_files	0.664	1	0	0.9
241665	FIGURE 6 in Re-description of Craspodema reflectans (Nematoda, Cyatholaimidae) using confocal laser scanning microscopy	https://zenodo.org/records/241665	data_files	0.663	1	0	1.8
3713849	FIGURE 31 in Re-description of Chinese mitten crab Eriocheir sinensis H. Milne Edwards, 1853 (Crustacea: Brachyura: Grapsoidea: Varunidae) zoeal devel	https://zenodo.org/records/3713849	data_files	0.663	1	0	2.3
5307191	Bibarba Chen & Chen 2007	https://zenodo.org/records/5307191	related_dataset	0.661	0	0	0.0
281661	FIGURE 9. Oxynaspis ryukyuensis n in Epibiotic barnacles (Crustacea: Cirripedia: Thoracica) collected by the Kumejima 2009 Expedition, with descriptio	https://zenodo.org/records/281661	data_files	0.66	1	0	1.7
12228805	Figure 1 from: Kirkova R, Tanev I, Dimitrov T, Dimitrova T, Kirkov V (2024) Application of optic coherence tomography as a screening in prevention and	https://zenodo.org/records/12228805	data_files	0.659	1	0	0.3
5989976	Ascetocythere sclera Hobbs & Hart 1966, sp. nov.	https://zenodo.org/records/5989976	related_dataset	0.659	0	0	0.0
188649	FIGURES 72–75 in Cephennomicrus Reitter (Coleoptera, Staphylinidae, Scydmaeninae) of Japan and Taiwan: taxonomic notes, ten new species and comparativ	https://zenodo.org/records/188649	data_files	0.658	1	0	0.1
17333754	"Data for ""Pallium-encoded valence-specific chemosensory amplification of eye-body coordination in larval zebrafish"""	https://zenodo.org/records/17333754	data_files	0.657	0	1	128.8
3713837	FIGURE 25 in Re-description of Chinese mitten crab Eriocheir sinensis H. Milne Edwards, 1853 (Crustacea: Brachyura: Grapsoidea: Varunidae) zoeal devel	https://zenodo.org/records/3713837	data_files	0.657	1	0	1.8
5212438	Figure 4 in Redescription and three-dimensional reconstruction of the limnic acochlidian gastropod Strubellia paradoxa (Strubell, 1892) (Gastropoda: E	https://zenodo.org/records/5212438	data_files	0.656	1	0	0.2
4766694	FIGURE 1. A–B. Cheliplana asinaraensis n in A revision of the genus Cheliplana de Beauchamp, 1927 (Rhabdocoela: Schizorhynchia), with the description 	https://zenodo.org/records/4766694	data_files	0.656	1	0	0.6
15486041	Fig. 8 A–H in Many problems for a solo mother: maternal care efficiency of the ghost spider of new genus Eldar (Araneae: Anyphaenidae, Anyphaeninae) a	https://zenodo.org/records/15486041	data_files	0.653	1	0	5.6
11230620	Sorennorge/Choroid-plexus-orthology-study: Choroid plexus orthology study version 1.0.0	https://zenodo.org/records/11230620	data_files	0.652	0	1	0.1
17708044	Sonogenetic Vision Restoration Dataset (EMC and MscL-G22S)	https://zenodo.org/records/17708044	data_files	0.651	0	2	124.9
4766708	FIGURE 8. A–B in A revision of the genus Cheliplana de Beauchamp, 1927 (Rhabdocoela: Schizorhynchia), with the description of six new species	https://zenodo.org/records/4766708	data_files	0.648	1	0	1.0
5154367	FIG. 3 in New insights on the morphology of a digenean parasite Digenea: Brachylaimidae, Brachylaima mazzantii (Travassos, 1927)) using confocal laser	https://zenodo.org/records/5154367	data_files	0.646	1	0	2.7
2579915	ppernot/FitOCT: Added vignettes	https://zenodo.org/records/2579915	data_files	0.643	0	1	1.7
5476483	Orchestina MI	https://zenodo.org/records/5476483	related_dataset	0.642	0	0	0.0
14972193	Figure 3. Eumysops chapalmalensis MMP 403-M. A in Exploring the palaeoneurology of the extinct spiny rat Eumysops chapalmalensis (Hystricognathi: Echi	https://zenodo.org/records/14972193	data_files	0.642	1	0	14.0
1161598	Fig 10 in Biodiversity and Biogeography of Chthamalid Barnacles from the North-Eastern Pacific (Crustacea Cirripedia)	https://zenodo.org/records/1161598	data_files	0.641	1	0	3.7
3713793	FIGURE 3 in Re-description of Chinese mitten crab Eriocheir sinensis H. Milne Edwards, 1853 (Crustacea: Brachyura: Grapsoidea: Varunidae) zoeal develo	https://zenodo.org/records/3713793	data_files	0.64	1	0	4.5
197868	FIGURES 22–26 in Temnocephala pignalberiae Dioni, 1967 (Platyhelminthes, Temnocephalida) from two allopatric populations of Dilocarcinus pagei Stimpso	https://zenodo.org/records/197868	data_files	0.639	1	0	3.6
6325549	RIGA+ Dataset for Unsupervised Domain Adaptation in Medical Image Segmentation	https://zenodo.org/records/6325549	data_files	0.638	0	1	1028.1
5358689	Fig. 39 in Morphology of the Braincase in the Cretaceous Hybodont Shark Tribodus limae (Chondrichthyes: Elasmobranchii), Based on CT Scanning	https://zenodo.org/records/5358689	data_files	0.638	1	0	0.4
4426660	Chthamalus Ranzani 1817	https://zenodo.org/records/4426660	related_dataset	0.638	0	0	0.0
10366301	Paranthropus Boisei Cranium	https://zenodo.org/records/10366301	data_files	0.636	5	0	13.8
12656661	FIGURE 7 in The rostral neurovascular system of Tyrannosaurus rex	https://zenodo.org/records/12656661	data_files	0.636	1	0	1.7
196079	FIGURES 1–29 in Cryophilic Isotomidae (Collembola) of the Northwestern Rocky Mountains, U. S. A.	https://zenodo.org/records/196079	data_files	0.636	1	0	0.1
5210401	Figure 4 in Confocal laser scanning microscopy analysis of the phalloidin-labelled musculature in nemerteans	https://zenodo.org/records/5210401	data_files	0.635	1	0	2.6
5210736	FIG. 47 in Alcidedorbignya inopinata, a basal pantodont (Placentalia, Mammalia) from the early Palaeocene of Bolivia: anatomy, phylogeny and palaeobio	https://zenodo.org/records/5210736	data_files	0.635	1	0	2.7
4628210	Ex Vivo MRI in Frontotemporal Lobar Degeneration	https://zenodo.org/records/4628210	data_files	0.635	0	1	3660.6
8238140	OPTICAL COHERENCE TOMOGRAPHY (OCT) IMAGE DATASET OF RADIATION DERMATITIS	https://zenodo.org/records/8238140	data_files	0.634	0	1	6694.1
3713833	FIGURE 23 in Re-description of Chinese mitten crab Eriocheir sinensis H. Milne Edwards, 1853 (Crustacea: Brachyura: Grapsoidea: Varunidae) zoeal devel	https://zenodo.org/records/3713833	data_files	0.632	1	0	1.9
13826482	Fig. 15. A–B in A Small Collection of Subtidal Crabs (Crustacea: Decapoda: Brachyura) from the Palau Islands Collected by Dredging	https://zenodo.org/records/13826482	data_files	0.63	1	0	0.7
5358438	Fig. 28 in Four new sponge-inhabiting barnacles of the genus Acasta (Thoracica: Archaeobalanidae: Acastinae) from the Indo-Pacific	https://zenodo.org/records/5358438	data_files	0.629	1	0	5.3
15500863	Paramecocephala foveata Benvegnu 1968	https://zenodo.org/records/15500863	related_dataset	0.628	0	0	0.0
4044970	Figure 2 from: Kadinov B, Itzev D (2020) Influence between NO and CO in guinea pig stomach fundus. Pharmacia 67(3): 161-168. https://doi.org/10.3897/p	https://zenodo.org/records/4044970	data_files	0.628	1	0	0.5
7561908	Multi-modal spatiotemporal phenotyping of human retinal organoid development	https://zenodo.org/records/7561908	data_files	0.626	0	3	37851.3
281667	FIGURE 15 in Epibiotic barnacles (Crustacea: Cirripedia: Thoracica) collected by the Kumejima 2009 Expedition, with descriptions of two new species *	https://zenodo.org/records/281667	data_files	0.624	1	0	6.8
241660	FIGURE 1 in Re-description of Craspodema reflectans (Nematoda, Cyatholaimidae) using confocal laser scanning microscopy	https://zenodo.org/records/241660	data_files	0.622	1	0	1.0
15737779	Demo Data for CEBRA-lens: pretrained models	https://zenodo.org/records/15737779	data_files	0.621	0	1	23.3
2620728	Figure 7 from: Sukparangsi W, Pochai A, Wongkunanusorn C, Khachonpisitsak S (2019) Discovery of Neonrosella vitiata (Darwin) and Newmanella spinosus C	https://zenodo.org/records/2620728	data_files	0.621	1	0	0.6
13167334	Fig. 5 in A new piece in the puzzle for the riverine slugs of the Acochlidiidae (Gastropoda: Panpulmonata: Acochlidimorpha) helps tracing steps of the	https://zenodo.org/records/13167334	data_files	0.62	1	0	0.5
15184432	Python regius DB.	https://zenodo.org/records/15184432	related_dataset	0.62	0	0	0.0
211069	FIGURE 8 in New and lesser known species of Chrysopetalidae, Phyllodocidae and Syllidae from south California (Phyllodocida, Aciculata, Annelida)	https://zenodo.org/records/211069	data_files	0.62	1	0	1.4
8271881	Quantitative susceptibility-based MRI radiomic features in patients with multiple sclerosis and healthy controls	https://zenodo.org/records/8271881	data_files	0.62	0	1	97.9
10149873	Tractfinder atlases and training streamlines	https://zenodo.org/records/10149873	data_files	0.617	0	2	1479.7
10287542	Spatiotemporal profiling defines persistence and resistance dynamics during targeted treatment of melanoma	https://zenodo.org/records/10287542	data_files	0.617	0	11	12661.1
7704614	Astrocytic Expression of Yes-Associated Protein (YAP) Regu-lates Retinal Neovascularization in a Mouse Model of Oxy-gen-Induced Retinopathy	https://zenodo.org/records/7704614	data_files	0.616	0	1	298.4
14868086	Divergent B cell and cytotoxic TNK cell activation signatures in HLA-B27-associated ankylosing spondylitis and acute anterior uveitis	https://zenodo.org/records/14868086	dataset_link	0.615	0	0	3411.1
14445489	Figure 2 in The neurocranium of Potamotrygonidae: morphology and phylogenetic significance	https://zenodo.org/records/14445489	data_files	0.615	1	0	3.2
8144288	baccuslab/torch-deep-retina: v1.2	https://zenodo.org/records/8144288	data_files	0.612	0	1	23.6
7852426	Raw EOG Data	https://zenodo.org/records/7852426	data_files	0.612	0	1	9895.6
14522683	FIGURES 121–128. Nitzschia amphibioides. SEM images. 121–123, 125–128 Valve internal view. 124 in Insights into Nitzschia amphibia Grunow (Bacillariop	https://zenodo.org/records/14522683	data_files	0.611	1	0	5.0
13134949	Fig. 4 in Histopathological characterisation of retinal lesions associated to Diplostomum species (Platyhelminthes: Trematoda) infection in polymorphi	https://zenodo.org/records/13134949	data_files	0.611	1	0	1.4
16021653	OkazakiTakemuraLab/GlaucomadMRIdenoising: v2.0.1 – Data and Code for Taguma et al. (2025)	https://zenodo.org/records/16021653	data_files	0.61	0	1	6.5
7891948	Percussiopalpus Jaloszynski & Hlavac 2023, gen. n.	https://zenodo.org/records/7891948	related_dataset	0.607	0	0	0.0
4020352	HyLFM Small Beads 1	https://zenodo.org/records/4020352	data_files	0.606	0	3	18623.0
12653910	FIGURE 21. 3D in A reappraisal of the cranial and mandibular osteology of the spinosaurid Irritator challengeri (Dinosauria: Theropoda)	https://zenodo.org/records/12653910	data_files	0.606	1	0	2.0
14798474	FIGURES 959–961 in Introduction to Scydmaeninae (Coleoptera, Staphylinidae): morphology of adults	https://zenodo.org/records/14798474	data_files	0.604	1	0	2.9
10384987	KTP Mine [170620]	https://zenodo.org/records/10384987	data_files	0.602	5	0	41.8
10864014	Confocal data of Ripidinelia daiboyui, holotype, NIGP203880	https://zenodo.org/records/10864014	data_files	0.602	0	1	1544.0
251754	FIGURE 10 in Potamotrygon limai, sp. nov., a new species of freshwater stingray from the upper Madeira River system, Amazon basin (Chondrichthyes: Pot	https://zenodo.org/records/251754	data_files	0.6	1	0	1.6
1098828	FIGURE 37 in Description of five new coral associated Barnacles of the genus Trevathana (Balanomorpha: Pyrgomatidae) in Pacific Waters	https://zenodo.org/records/1098828	data_files	0.599	1	0	10.9
17892704	FIGURE 11 in A new genus and species of ilyophine eel (Anguilliformes: Synaphobranchidae: Ilyophinae) from the Arabian Sea, western Indian Ocean	https://zenodo.org/records/17892704	data_files	0.599	1	0	0.8
3713891	FIGURE 52 in Re-description of Chinese mitten crab Eriocheir sinensis H. Milne Edwards, 1853 (Crustacea: Brachyura: Grapsoidea: Varunidae) zoeal devel	https://zenodo.org/records/3713891	data_files	0.599	1	0	2.8
4521044	Topological characterization of the Retinal microvascular nEtwork visualized by portable fuNDus camera (TREND) database	https://zenodo.org/records/4521044	data_files	0.599	0	6	361.9
4735085	Fig. 2. A. IGM 100 in New Avialan Remains and a Review of the Known Avifauna from the Late Cretaceous Nemegt Formation of Mongolia	https://zenodo.org/records/4735085	data_files	0.598	1	0	0.4
3713823	FIGURE 18 in Re-description of Chinese mitten crab Eriocheir sinensis H. Milne Edwards, 1853 (Crustacea: Brachyura: Grapsoidea: Varunidae) zoeal devel	https://zenodo.org/records/3713823	data_files	0.597	1	0	4.6
7627293	Confocal data of Oncelytris esquamatus, holotype, NIGP200820	https://zenodo.org/records/7627293	data_files	0.597	0	1	1439.4
12213246	VisualPhysiologyDB/visual-physiology-opsin-db: vpod_v1.1_for_publication	https://zenodo.org/records/12213246	data_files	0.597	0	1	4894.6
3713821	FIGURE 17 in Re-description of Chinese mitten crab Eriocheir sinensis H. Milne Edwards, 1853 (Crustacea: Brachyura: Grapsoidea: Varunidae) zoeal devel	https://zenodo.org/records/3713821	data_files	0.596	1	0	1.9
6333634	Confocal data of Vetuprostomis spp.	https://zenodo.org/records/6333634	data_files	0.596	0	2	1450.1
12681493	FIGURE 3 in A new intertidal barnacle, Chthamalus ngankeeae sp. nov. (Balanomorpha: Chthamalidae) from the Malaysian Peninsula and western Borneo wate	https://zenodo.org/records/12681493	data_files	0.596	1	0	12.0
5210395	Figure 1 in Confocal laser scanning microscopy analysis of the phalloidin-labelled musculature in nemerteans	https://zenodo.org/records/5210395	data_files	0.595	1	0	2.7
5193816	Figure 17 in Biodiversity and biogeography of the coral boring barnacles of the genus Berndtia (Cirripedia: Acrothoracica) in the West Pacific, with d	https://zenodo.org/records/5193816	data_files	0.595	1	0	0.6
3713805	FIGURE 9 in Re-description of Chinese mitten crab Eriocheir sinensis H. Milne Edwards, 1853 (Crustacea: Brachyura: Grapsoidea: Varunidae) zoeal develo	https://zenodo.org/records/3713805	data_files	0.594	1	0	3.8
10782863	Human Colorectal Tissue OCT Dataset: Neoplastic and Non-Neoplastic Samples from Chorioallantoic Membrane (CAM) Assays	https://zenodo.org/records/10782863	data_files	0.594	0	8	706.9
991847	Figure 15 from: Talamas EJ, Mikó I, Johnston-Jordan D (2017) Convergence in the ovipositor system of platygastroid wasps (Hymenoptera). In: Talamas EJ	https://zenodo.org/records/991847	data_files	0.593	1	0	0.8
286523	FIGURES 42–45 in ' The curse of Horaeomorphus ': taxonomy of misplaced Australian Cyrtoscydmini (Coleoptera: Staphylinidae: Scydmaeninae)	https://zenodo.org/records/286523	data_files	0.593	1	0	0.8
17359557	CeraMIRScan: Mid-infrared OCT Scan Dataset for Ceramic Quality Assessment	https://zenodo.org/records/17359557	data_files	0.59	0	1	9978.9
1204501	A Tale of Two Retinal Domains: Near-Optimal Sampling of Achromatic Contrasts in Natural Scenes through Asymmetric Photoreceptor Distribution	https://zenodo.org/records/1204501	data_files	0.589	0	1	86.2
12170637	OCT Human Kidney Dataset for PRB Guidance	https://zenodo.org/records/12170637	data_files	0.589	0	1	2044.0
12653914	FIGURE 22. 3D in A reappraisal of the cranial and mandibular osteology of the spinosaurid Irritator challengeri (Dinosauria: Theropoda)	https://zenodo.org/records/12653914	data_files	0.589	1	0	2.2
4629168	FIGURE 6 in A new schistosome (Digenea: Schistosomatidae) from the nasal tissue of South America black-necked swans, Cygnus melancoryphus (Anatidae) a	https://zenodo.org/records/4629168	data_files	0.589	1	0	2.0
8154379	Multiple axes of visual system diversity in Ithomiini, an ecologically diverse tribe of mimetic butterflies - Ophthalmoscope video recordings  and mic	https://zenodo.org/records/8154379	data_files	0.587	0	2	33494.3
1161610	Fig 13 in Biodiversity and Biogeography of Chthamalid Barnacles from the North-Eastern Pacific (Crustacea Cirripedia)	https://zenodo.org/records/1161610	data_files	0.587	1	0	4.1
3713875	FIGURE 44 in Re-description of Chinese mitten crab Eriocheir sinensis H. Milne Edwards, 1853 (Crustacea: Brachyura: Grapsoidea: Varunidae) zoeal devel	https://zenodo.org/records/3713875	data_files	0.586	1	0	2.5
7666464	Fig. 4 in Hitherto undescribed interommatidial exocrine glands in Chilopoda	https://zenodo.org/records/7666464	data_files	0.585	1	0	0.2
4400841	FIGURE 15–19 in New species of Peckhamia Simon, 1900 (Salticidae: Dendryphantini: Synagelina) from the Greater Antilles	https://zenodo.org/records/4400841	data_files	0.585	1	0	1.2
14542074	Figure 32 in Morphology maưers: congruence of morphology and phylogeny in the integrative taxonomy of Clevelandellidae (Ciliophora: Armophorea) with d	https://zenodo.org/records/14542074	data_files	0.581	1	0	14.2
6066444	Coniceromyia leucomacula Kung & Brown	https://zenodo.org/records/6066444	related_dataset	0.581	0	0	0.0
15312825	DN 78 EM Evaluating ultrastructural preservation quality in banked brain tissue	https://zenodo.org/records/15312825	data_files	0.581	30	0	408.8
8332782	Agreement and Reproducibility of Anterior Chamber Angle Measurements between CASIA2 Built-In Software and Human Graders	https://zenodo.org/records/8332782	data_files	0.579	2	0	1.1
10212866	FIGURE 2 in Monoecocestus (Cestoda: Anoplocephalidae) diversity in Sigmodontinae rodents characterized by morphology and molecular methods	https://zenodo.org/records/10212866	data_files	0.579	1	0	10.7
236747	FIGURE 4 in A new Chthamalus (Crustacea: Cirripedia) from the challengeri subgroup on Taiwan rocky intertidal shores	https://zenodo.org/records/236747	data_files	0.578	1	0	6.9
2620720	Figure 3 from: Sukparangsi W, Pochai A, Wongkunanusorn C, Khachonpisitsak S (2019) Discovery of Neonrosella vitiata (Darwin) and Newmanella spinosus C	https://zenodo.org/records/2620720	data_files	0.577	1	0	0.5
12511026	Lipofuscinoza Ceroid Neuronală de Tip 2 (Boala Batten) în contextul clinic al României	https://zenodo.org/records/12511026	data_files	0.577	2	0	2.6
7319965	Confocal data of Sphaerius martini and Crowsonaerius minutus	https://zenodo.org/records/7319965	data_files	0.576	0	2	1224.9
17883121	FIGURE 10 in Marine tardigrades of Princess Alice Bank (Azores, Northeast Atlantic) with a description of a new species of Quisarctus Fujimoto, 2015	https://zenodo.org/records/17883121	data_files	0.575	1	0	1.2
5395286	"FIG. 3. — Weltnerium hydrozoaphilum n in Cirripedia Thoracica (Crustacea) collected during the ""Campagne de La Calypso (1961-1962)"" from the Atlantic "	https://zenodo.org/records/5395286	data_files	0.575	1	0	0.2
5214200	Confocal data of Clessidromma palmeri, holotype, NIGP166270	https://zenodo.org/records/5214200	data_files	0.572	0	2	15973.1
17038539	Fig. 4 in Brain anatomy of the Cambrian fossil Jianfengia multisegmentalis informs euarthropod phylogeny	https://zenodo.org/records/17038539	data_files	0.572	1	0	1.3
14798500	FIGURES 1005–1009 in Introduction to Scydmaeninae (Coleoptera, Staphylinidae): morphology of adults	https://zenodo.org/records/14798500	data_files	0.571	1	0	8.9
260970	FIGURE 23 in Taxonomic review of catsharks of the Scyliorhinus haeckelii group, with the description of a new species (Chondrichthyes: Carcharhiniform	https://zenodo.org/records/260970	data_files	0.571	1	0	0.4
7113948	OCT porcine kidney dataset for percutaneous nephrostomy guidance	https://zenodo.org/records/7113948	data_files	0.569	0	1	627.4
10271585	Opakowanie od wywołanego negatywu //	https://zenodo.org/records/10271585	data_files	0.568	5	0	1.6
7994819	Raw P-SHG data and processing codes for Raoux et al, Light Science and Applications 2023	https://zenodo.org/records/7994819	data_files	0.567	0	11	41385.9
2536165	Fig.3 in Neuroplasticity in desert ants (Hymenoptera: Formicidae) - importance for the ontogeny of navigation	https://zenodo.org/records/2536165	data_files	0.567	1	0	0.9
14445507	Figure 8 in The neurocranium of Potamotrygonidae: morphology and phylogenetic significance	https://zenodo.org/records/14445507	data_files	0.566	1	0	0.6
15350428	Datasets and supplemental information accompanying the corneal meta-atlas	https://zenodo.org/records/15350428	dataset_link	0.563	0	0	4895.9
16907063	Figure 11. Hispanirhynchia cornea. a–f in Brachiopods of the Norwegian fauna northern North Atlantic and Arctic, with a focus on	https://zenodo.org/records/16907063	data_files	0.562	1	0	0.8
16721269	Figures 53- 54 from: Glasby CJ, Biriukova O, Martin P, Dyne GR, Utevsky S, Wilson RS (2025) ANNiKEY Linear – diagnoses, descriptions, and a single-acc	https://zenodo.org/records/16721269	data_files	0.562	1	0	0.3
17708562	obophenotype/human-phenotype-ontology: 2025-11-24 Release	https://zenodo.org/records/17708562	data_files	0.562	0	1	64.6
14061304	Interpretation of scATAC-seq models of retina cell types along with TF-MoDISco outputs	https://zenodo.org/records/14061304	data_files	0.559	0	3	33719.7
2599027	FIGURE 1 in Re-evaluation of the morphology of the monotypic genera Lycastonereis Rao, 1981 and Ganganereis Misra, 1999 (Annelida, Phyllodocida, Nerei	https://zenodo.org/records/2599027	data_files	0.559	1	0	0.3
1161612	Fig 14 in Biodiversity and Biogeography of Chthamalid Barnacles from the North-Eastern Pacific (Crustacea Cirripedia)	https://zenodo.org/records/1161612	data_files	0.558	1	0	4.1
3713809	FIGURE 11 in Re-description of Chinese mitten crab Eriocheir sinensis H. Milne Edwards, 1853 (Crustacea: Brachyura: Grapsoidea: Varunidae) zoeal devel	https://zenodo.org/records/3713809	data_files	0.557	1	0	6.5
211067	FIGURE 6 in New and lesser known species of Chrysopetalidae, Phyllodocidae and Syllidae from south California (Phyllodocida, Aciculata, Annelida)	https://zenodo.org/records/211067	data_files	0.557	1	0	1.7
14522689	FIGURES 161–170. Nitzschia semirobusta. SEM images. 161, 162, 167-169 Valve external view. 163–166 Girdle external view. 161, 163 in Insights into Nit	https://zenodo.org/records/14522689	data_files	0.556	1	0	5.5
14340390	Any immersion remote refocus (AIRR) microscopy	https://zenodo.org/records/14340390	data_files	0.556	0	1	167.1
10942635	Fig. 17. Late female secondary larva X. vesparum, histological cross sections. A in Xenos vesparum (Strepsiptera: Xenidae)-A New Insect Model and Its 	https://zenodo.org/records/10942635	data_files	0.553	1	0	1.7
17350822	VerschuurenM/NeuronalConnectivity: v7.2.1	https://zenodo.org/records/17350822	data_files	0.553	0	1	0.0
3813684	"Data to ""Point-wise correlations between 10-2 Humphrey visual field and OCT data in open angle glaucoma"""	https://zenodo.org/records/3813684	data_files	0.551	0	1	2.0
13287316	Fig. 2 in Mapping a brain parasite: occurrence and spatial distribution in fish encephalon	https://zenodo.org/records/13287316	data_files	0.549	1	0	0.4
2653063	Supplementary File: A Cleared View on Retinal Organoids	https://zenodo.org/records/2653063	data_files	0.549	0	1	151.6
5392915	Figure 6 Rhyncholimnochares cristinae n in Two new species of Rhyncholimnochares (Acari, Hydrachnidia) from Ecuador	https://zenodo.org/records/5392915	data_files	0.547	1	0	3.3
12653908	FIGURE 20. 3D in A reappraisal of the cranial and mandibular osteology of the spinosaurid Irritator challengeri (Dinosauria: Theropoda)	https://zenodo.org/records/12653908	data_files	0.546	1	0	1.9
3713865	FIGURE 39 in Re-description of Chinese mitten crab Eriocheir sinensis H. Milne Edwards, 1853 (Crustacea: Brachyura: Grapsoidea: Varunidae) zoeal devel	https://zenodo.org/records/3713865	data_files	0.545	1	0	5.6
14445497	Figure 5 in The neurocranium of Potamotrygonidae: morphology and phylogenetic significance	https://zenodo.org/records/14445497	data_files	0.544	1	0	1.6
14798492	FIGURES 988–991 in Introduction to Scydmaeninae (Coleoptera, Staphylinidae): morphology of adults	https://zenodo.org/records/14798492	data_files	0.543	1	0	3.6
14806757	Figure 8 in Arctic Pholoe (Polychaeta: Pholoidae): when integrative taxonomy helps to sort out barcodes	https://zenodo.org/records/14806757	data_files	0.542	1	0	3.4
217856	FIGURES 17–21 in Revision of the Neotropical genus Alloraphes Franz (Coleoptera: Staphylinidae: Scydmaeninae)	https://zenodo.org/records/217856	data_files	0.542	1	0	1.7
13282532	Figure 1 in First report of Xiphinema ifacolum Luc, 1961 (Dorylaimida: Longidoridae) from Nigeria	https://zenodo.org/records/13282532	data_files	0.541	1	0	2.1
5726371	FIGURE 3 in New records for associations between peritrich protozoan ciliates (Ciliophora, Sessilida) and polychaete worms (Annelida) from off the sou	https://zenodo.org/records/5726371	data_files	0.54	1	0	6.1
10494435	FIGURE 7 in New species of Pseudoscalibregma Ashworth, 1901 (Annelida: Scalibregmatidae Malmgren, 1867) from Brazil	https://zenodo.org/records/10494435	data_files	0.539	1	0	14.9
228294	FIGURES 9–11 in Taxonomic notes on Australian species of Sciacharis (Magellanoconnus) (Coleoptera: Staphylinidae: Scydmaeninae)	https://zenodo.org/records/228294	data_files	0.537	1	0	0.2
8413544	Fig. 20 in Re-appraisal of thylacocephalans (Euarthropoda, Thylacocephala) from the Jurassic La Voulte-sur-Rhône Lagerstätte	https://zenodo.org/records/8413544	data_files	0.535	1	0	8.9
3713803	FIGURE 8 in Re-description of Chinese mitten crab Eriocheir sinensis H. Milne Edwards, 1853 (Crustacea: Brachyura: Grapsoidea: Varunidae) zoeal develo	https://zenodo.org/records/3713803	data_files	0.533	1	0	3.7
12693821	Tensile properties of glaucomatous human sclera, optic nerve,  and optic nerve sheath	https://zenodo.org/records/12693821	data_files	0.533	0	1	257.7
10111412	Fig. 27 in Long-Legged Pursuit Carnivorans (Amphicyonidae, Daphoeninae) From The Early Miocene Of North America	https://zenodo.org/records/10111412	data_files	0.528	1	0	0.1
186043	FIGURE 6 in Morphology and distribution of the acorn barnacle Tetraclita reni nom. nov. (Crustacea: Cirripedia) in Madagascar and adjacent waters	https://zenodo.org/records/186043	data_files	0.528	1	0	0.8
4313770	Confocal data of Cretophengodes azari, holotype, NIGP173775	https://zenodo.org/records/4313770	data_files	0.528	0	1	1877.3
257109	FIGURE 3 in First discovery of a new species of Newmanella Ross, 1969 (Balanomorpha: Tetraclitidae) in the western Pacific, with a note on the new sta	https://zenodo.org/records/257109	data_files	0.528	1	0	14.5
10609420	Figure 5 from: Góngora-Garza G, Tovar-Hernández MA, de León-González JA (2024) Re-description of Parasphaerosyllis indica Monro, 1937 (Annelida, Sylli	https://zenodo.org/records/10609420	data_files	0.527	1	0	7.0
15489098	DESI Strong Lens Foundry III: Keck Spectroscopy for Strong Lenses Discovered Using Residual Neural Networks	https://zenodo.org/records/15489098	data_files	0.527	0	1	1056.4
6657364	Confocal data of Homalenchodes jarzembowskii, holotype, NIGP180475	https://zenodo.org/records/6657364	data_files	0.527	0	1	4257.8
10847492	FIGURE 5 in New species of Glyphohesione and Pseudexogone (Annelida, Pilargidae) from the Gulf of Thailand	https://zenodo.org/records/10847492	data_files	0.526	1	0	3.7
13366012	The SLACS strong lens sample, debiased	https://zenodo.org/records/13366012	data_files	0.525	0	0	121.9
10108049	Figs. 11–15. Thoracic ventrites, ventral view. 11 in First Records of Troglobitic Beetles from Arkansas: Two New Species ofSpeleochusPark (Coleoptera:	https://zenodo.org/records/10108049	data_files	0.524	1	0	0.5
4962379	Data from: Rat retinal vasomotion assessed by laser speckle imaging	https://zenodo.org/records/4962379	data_files	0.524	1	0	1059.7
59824	Accelerated cell divisions drive the outgrowth of the regenerating spinal cord in axolotls - Supplementary file 2	https://zenodo.org/records/59824	data_files	0.522	0	18	5064.0
8413534	Fig. 15 in Re-appraisal of thylacocephalans (Euarthropoda, Thylacocephala) from the Jurassic La Voulte-sur-Rhône Lagerstätte	https://zenodo.org/records/8413534	data_files	0.521	1	0	10.6
4283914	FIGURE 9. Duplominona macrodon n in New species of Duplominona Karling, 1966 (Platyhelminthes, Proseriata) from the Pacific coast of Panama	https://zenodo.org/records/4283914	data_files	0.52	1	0	2.3
6731143	Fiji-mCNVImageAnalysisTool: mCNVImageAnalysisTool initial release	https://zenodo.org/records/6731143	data_files	0.52	2	0	5.0
10088407	FIGURE 1 in Morphology and morphogenesis of Strongylidium pseudocrassum Wang and Nie, 1935, with redefinition of Strongylidium Sterki, 1878 (Protista:	https://zenodo.org/records/10088407	data_files	0.52	1	0	0.3
12825317	Fig. 1 in Elisesione imajimai Jimi & Eibye-Jacobsen & Salazar-Vallejo 2018, sp. nov.	https://zenodo.org/records/12825317	data_files	0.519	1	0	0.3
7168264	Fig. 6 in Jumping and Grasping: Universal Locking Mechanisms in Insect Legs	https://zenodo.org/records/7168264	data_files	0.519	1	0	1.0
3716140	Curated set of cone bipolar cell morphologies for biophysical modelling	https://zenodo.org/records/3716140	data_files	0.517	0	1	0.3
12681501	FIGURE 5 in A new intertidal barnacle, Chthamalus ngankeeae sp. nov. (Balanomorpha: Chthamalidae) from the Malaysian Peninsula and western Borneo wate	https://zenodo.org/records/12681501	data_files	0.517	1	0	10.1
4456977	FIGURE 56 in Taxonomic revision of Marma Simon, 1902 (Araneae: Salticidae: Euophryini)	https://zenodo.org/records/4456977	data_files	0.516	1	0	3.0
6360477	Figure 16 in Neurobiology and vision of jumping spiders (Araneae: Salticidae)	https://zenodo.org/records/6360477	data_files	0.516	1	0	2.5
11042174	РИС. 2. ГлаЗ Monachoides incarnata. A. ФотографиЯ препарата иЗолированного глаЗа. B. ФотографиЯ продольного полутонкого среЗа глаЗа. СокраЩениЯ: c – р	https://zenodo.org/records/11042174	data_files	0.516	1	0	1.8
17258285	Fig. 6 in High diversity and new species of meiofaunal Nerillidae (Annelida) in subtidal sediments and anchialine caves of the East China Sea	https://zenodo.org/records/17258285	data_files	0.515	1	0	5.9
5390270	FIG. 3. — 3D in Between Vanuatu tides: 3D anatomical reconstruction of a new brackish water acochlidian gastropod from Espiritu Santo	https://zenodo.org/records/5390270	data_files	0.515	1	0	0.4
5302368	Updated NLL-SSST-coherence earthquake relocation catalog for the 2020 Mw 6.5 Monte Cristo Range, Nevada earthquake sequence.	https://zenodo.org/records/5302368	data_files	0.515	3	1	4.6
14798438	FIGURES 865–868 in Introduction to Scydmaeninae (Coleoptera, Staphylinidae): morphology of adults	https://zenodo.org/records/14798438	data_files	0.514	1	0	5.0
7008334	Confocal data of Cretoquadratus fossilis, NIGP180657	https://zenodo.org/records/7008334	data_files	0.512	0	1	1081.7
14261828	Spiral-eyes: A soft active matter model of in vivo corneal epithelial cell migration - supporting dataset, software and analysis pipeline	https://zenodo.org/records/14261828	data_files	0.511	0	6	902.2
3713863	FIGURE 38 in Re-description of Chinese mitten crab Eriocheir sinensis H. Milne Edwards, 1853 (Crustacea: Brachyura: Grapsoidea: Varunidae) zoeal devel	https://zenodo.org/records/3713863	data_files	0.51	1	0	2.4
5532130	FIGURE 7. Bradleystrandesia macula n in Hyporheic ostracods (Crustacea, Ostracoda) from Texas (USA) with six new species	https://zenodo.org/records/5532130	data_files	0.509	1	0	1.5
3713861	FIGURE 37 in Re-description of Chinese mitten crab Eriocheir sinensis H. Milne Edwards, 1853 (Crustacea: Brachyura: Grapsoidea: Varunidae) zoeal devel	https://zenodo.org/records/3713861	data_files	0.508	1	0	2.5
14798494	FIGURES 992–994 in Introduction to Scydmaeninae (Coleoptera, Staphylinidae): morphology of adults	https://zenodo.org/records/14798494	data_files	0.508	1	0	3.2
400046	FIGURE 22 in Taxonomy and morphology of species of the genus Squalus Linnaeus, 1758 from the Southwestern Atlantic Ocean (Chondrichthyes: Squaliformes	https://zenodo.org/records/400046	data_files	0.507	1	0	0.7
4629925	Intravital mesoscopic fluorescence molecular tomography image reconstruction	https://zenodo.org/records/4629925	data_files	0.507	0	1	0.0
15880837	A novel method for standardised imaging of corneal subbasal nerves by in vivo confocal microscopy	https://zenodo.org/records/15880837	data_files	0.507	0	3	1195.1
8326149	joeymays/karyotapR: karyotapR 1.0.1	https://zenodo.org/records/8326149	data_files	0.505	0	1	1.2
3713881	FIGURE 47 in Re-description of Chinese mitten crab Eriocheir sinensis H. Milne Edwards, 1853 (Crustacea: Brachyura: Grapsoidea: Varunidae) zoeal devel	https://zenodo.org/records/3713881	data_files	0.505	1	0	3.3
3713879	FIGURE 46 in Re-description of Chinese mitten crab Eriocheir sinensis H. Milne Edwards, 1853 (Crustacea: Brachyura: Grapsoidea: Varunidae) zoeal devel	https://zenodo.org/records/3713879	data_files	0.505	1	0	1.6
4108660	Example Data for 3D quantification of zebrafish cerebrovascular architecture	https://zenodo.org/records/4108660	data_files	0.505	0	1	5669.0
7432971	"Data set accompanying the paper ""Effective cell membrane tension is independent of polyacrylamide substrate stiffness"""	https://zenodo.org/records/7432971	data_files	0.505	0	1	4713.9
7891914	FIGURES 14–18 in Percussiopalpus gen. n. from Turkey, a free-living relative of cave-dwelling Thaumastocephalus, and revised placement of Thaumastocep	https://zenodo.org/records/7891914	data_files	0.504	1	0	9.8
15007900	Convallaria FLIM dataset in FLIM LABS JSON format	https://zenodo.org/records/15007900	data_files	0.503	0	2	89.0
10462310	Training and test data for automatic selection of birch pollen in equatorial view suitable for size measurement	https://zenodo.org/records/10462310	data_files	0.503	0	2	155.9
7909732	Confocal data of Lobatihelota spp.	https://zenodo.org/records/7909732	data_files	0.502	0	3	4019.1
14798476	FIGURES 962–964 in Introduction to Scydmaeninae (Coleoptera, Staphylinidae): morphology of adults	https://zenodo.org/records/14798476	data_files	0.501	1	0	3.2
7178906	rehmanali1994/IMPACT: Sound Speed Estimation for Distributed Aberration Correction in Laterally Varying Media	https://zenodo.org/records/7178906	data_files	0.5	0	1	4.9
3713859	FIGURE 36 in Re-description of Chinese mitten crab Eriocheir sinensis H. Milne Edwards, 1853 (Crustacea: Brachyura: Grapsoidea: Varunidae) zoeal devel	https://zenodo.org/records/3713859	data_files	0.499	1	0	3.7
252908	FIGURE 10 in Two new deep-sea stalked barnacles, Arcoscalpellum epeeum sp. nov. and Gymnoscalpellum indopacificum sp. nov., from the Coral Sea, with d	https://zenodo.org/records/252908	data_files	0.499	1	0	3.4
240416	FIGURES 11–14 in Confused identity: subgenera of Pseudoeudesis Binaghi belong in two tribes (Coleoptera: Staphylinidae: Scydmaeninae)	https://zenodo.org/records/240416	data_files	0.499	1	0	0.4
10295684	Final Project Iris Analysis	https://zenodo.org/records/10295684	data_files	0.498	0	1	0.3
6335743	FIGURE A in A Revision Of The New World Moth Genus Hübner (Lepidoptera: Erebidae)	https://zenodo.org/records/6335743	data_files	0.497	1	0	1.3
3713795	FIGURE 4 in Re-description of Chinese mitten crab Eriocheir sinensis H. Milne Edwards, 1853 (Crustacea: Brachyura: Grapsoidea: Varunidae) zoeal develo	https://zenodo.org/records/3713795	data_files	0.497	1	0	3.8
5918611	Tonnoiriella nigricauda	https://zenodo.org/records/5918611	related_dataset	0.496	0	0	0.0
14828087	Figure 8 in Revision of the large crocodyliform Kansajsuchus (Neosuchia) from the Late Cretaceous of Central Asia	https://zenodo.org/records/14828087	data_files	0.494	1	0	1.5
10831266	Figures 805–813 in A survey of proximal sensilla associated with denticle subrows on scorpion pedipalp fingers (Arachnida: Scorpiones), with observati	https://zenodo.org/records/10831266	data_files	0.492	1	0	1.7
14798436	FIGURES 861–864 in Introduction to Scydmaeninae (Coleoptera, Staphylinidae): morphology of adults	https://zenodo.org/records/14798436	data_files	0.492	1	0	4.3
10942605	Fig. 3 in Xenos vesparum (Strepsiptera: Xenidae)-A New Insect Model and Its Endoparasitic Secondary Larva	https://zenodo.org/records/10942605	data_files	0.491	1	0	1.9
13134943	Fig. 3 in Histopathological characterisation of retinal lesions associated to Diplostomum species (Platyhelminthes: Trematoda) infection in polymorphi	https://zenodo.org/records/13134943	data_files	0.491	1	0	1.7
13163389	Glaucoma reniforme Schewiakoff 1892	https://zenodo.org/records/13163389	related_dataset	0.489	0	0	0.0
4742633	Figure 3 in Resurrection of the genus Nectoneanthes Imajima, 1972 (Nereididae: Polychaeta), with redescription of Nectoneanthes oxypoda (Marenzeller, 	https://zenodo.org/records/4742633	data_files	0.488	1	0	3.3
4664903	FIG. 62. — Bothriolepis heckeri n in Bothriolepid antiarchs (Vertebrata, Placodermi) from the Devonian of the north-western part of the East European 	https://zenodo.org/records/4664903	data_files	0.487	1	0	0.0
5395292	"FIG. 6. —Verruca minuta n in Cirripedia Thoracica (Crustacea) collected during the ""Campagne de La Calypso (1961-1962)"" from the Atlantic shelf of Sou"	https://zenodo.org/records/5395292	data_files	0.486	1	0	0.2
3713877	FIGURE 45 in Re-description of Chinese mitten crab Eriocheir sinensis H. Milne Edwards, 1853 (Crustacea: Brachyura: Grapsoidea: Varunidae) zoeal devel	https://zenodo.org/records/3713877	data_files	0.485	1	0	2.8
281665	FIGURE 13 in Epibiotic barnacles (Crustacea: Cirripedia: Thoracica) collected by the Kumejima 2009 Expedition, with descriptions of two new species *	https://zenodo.org/records/281665	data_files	0.484	1	0	4.7
4664872	FIG. 50 in Bothriolepid antiarchs (Vertebrata, Placodermi) from the Devonian of the north-western part of the East European Platform	https://zenodo.org/records/4664872	data_files	0.482	1	0	0.0
191608	FIGURE 1 in Extraordinary cranial specialization in a new genus of extinct duck (Aves: Anseriformes) from Kauai, Hawaiian Islands	https://zenodo.org/records/191608	data_files	0.482	1	0	0.7
1454930	FIGURES 18–21 in World genera of Mastigitae: review of morphological structures and new ecological data (Coleoptera: Staphylinidae: Scydmaeninae)	https://zenodo.org/records/1454930	data_files	0.481	1	0	5.3
1250951	FIGURE 2. A‒B Ommatoiulus longicornis n in Out of the dark void: Ommatoiulus longicornis n. sp., a new julid from Spain (Diplopoda, Julida) with notes	https://zenodo.org/records/1250951	data_files	0.481	1	0	3.5
11231252	FIGURE 6 in Two new American species of Aberrapex (Eucestoda: Lecanicephalidea: Aberrapecidae) from myliobatid stingrays (Batoidea: Myliobatidae)	https://zenodo.org/records/11231252	data_files	0.481	1	0	6.0
16721514	Figure 151 from: Glasby CJ, Biriukova O, Martin P, Dyne GR, Utevsky S, Wilson RS (2025) ANNiKEY Linear – diagnoses, descriptions, and a single-access 	https://zenodo.org/records/16721514	data_files	0.479	1	0	0.2
7922163	Myosaurus gracilis Haughton 1917	https://zenodo.org/records/7922163	related_dataset	0.479	0	0	0.0
3713815	FIGURE 14 in Re-description of Chinese mitten crab Eriocheir sinensis H. Milne Edwards, 1853 (Crustacea: Brachyura: Grapsoidea: Varunidae) zoeal devel	https://zenodo.org/records/3713815	data_files	0.476	1	0	1.7
11102104	FIGURE 5 in A new marine tardigrade species (Heterotardigrada: Batillipedidae) from the southeast coast of India	https://zenodo.org/records/11102104	data_files	0.474	1	0	3.7
5553492	Confocal data of Anoeuma lawrencei, NIGP175109 (holotype) and NIGP175110 (paratype)	https://zenodo.org/records/5553492	data_files	0.474	0	1	2728.4
10395772	Confocal data of Burmalestes jingruoyaae, holotype, NIGP203386	https://zenodo.org/records/10395772	data_files	0.471	0	1	1935.8
5753792	FIGURE 1 in Micromorphology of seeds of three Mexican species of Pinguicula (Lentibulariaceae) show autofluorescence using confocal laser scanning mic	https://zenodo.org/records/5753792	data_files	0.468	1	0	21.3
4689059	FIG. 2 in Deep-sea Cirripedia Thoracica (Crustacea) from the northeastern Atlantic collected by French expeditions	https://zenodo.org/records/4689059	data_files	0.468	1	0	0.1
14806751	Figure 4 in Arctic Pholoe (Polychaeta: Pholoidae): when integrative taxonomy helps to sort out barcodes	https://zenodo.org/records/14806751	data_files	0.462	1	0	2.6
13289388	Fig. 8 in Diversity and ecological relationships of Cestoda and Monogenoidea parasites of freshwater stingrays (Myliobatiformes, Potamotrygonidae), in	https://zenodo.org/records/13289388	data_files	0.462	1	0	2.4
7632980	Confocal data of Kekveus brevisulcatus, holotype, NIGP200739-1	https://zenodo.org/records/7632980	data_files	0.46	0	1	983.1
3713853	FIGURE 33 in Re-description of Chinese mitten crab Eriocheir sinensis H. Milne Edwards, 1853 (Crustacea: Brachyura: Grapsoidea: Varunidae) zoeal devel	https://zenodo.org/records/3713853	data_files	0.457	1	0	1.5
12821619	Fig. 3. Chloeia parva. A, J in Pampus candidus	https://zenodo.org/records/12821619	data_files	0.442	1	0	6.7
16721193	Figures 21- 22 from: Glasby CJ, Biriukova O, Martin P, Dyne GR, Utevsky S, Wilson RS (2025) ANNiKEY Linear – diagnoses, descriptions, and a single-acc	https://zenodo.org/records/16721193	data_files	0.439	1	0	0.4
16281152	Fig. 9 in Description of a new species of skate of the genus Malacoraja Stehmann, 1970: the first species from the southwestern Atlantic Ocean, with n	https://zenodo.org/records/16281152	data_files	0.437	1	0	0.3
4664892	FIG. 57 in Bothriolepid antiarchs (Vertebrata, Placodermi) from the Devonian of the north-western part of the East European Platform	https://zenodo.org/records/4664892	data_files	0.432	1	0	0.1
8413524	Fig. 10 in Re-appraisal of thylacocephalans (Euarthropoda, Thylacocephala) from the Jurassic La Voulte-sur-Rhône Lagerstätte	https://zenodo.org/records/8413524	data_files	0.428	1	0	10.0
276698	FIGURES 20–23. Crurifarcimen vagans paratype, left posterior gonopod. 20 in East African giant millipedes of the tribe Pachybolini (Diplopoda, Spirobo	https://zenodo.org/records/276698	data_files	0.419	1	0	3.7
3716519	"Data for ""A systematic evaluation of interneuron morphology representations for cell type discrimination"""	https://zenodo.org/records/3716519	data_files	0.419	0	2	2916.6
3939869	Figure 25 from: Pitriana P, Valente L, von Rintelen T, Jones DS, Prabowo RE, von Rintelen K (2020) An annotated checklist and integrative biodiversity	https://zenodo.org/records/3939869	data_files	0.414	1	0	0.4
3939865	Figure 23 from: Pitriana P, Valente L, von Rintelen T, Jones DS, Prabowo RE, von Rintelen K (2020) An annotated checklist and integrative biodiversity	https://zenodo.org/records/3939865	data_files	0.413	1	0	0.4
5193796	Figure 7 in Biodiversity and biogeography of the coral boring barnacles of the genus Berndtia (Cirripedia: Acrothoracica) in the West Pacific, with de	https://zenodo.org/records/5193796	data_files	0.404	1	0	0.6
15102891	A low-cost FPGA-based approach for pile-up corrected high-speed in vivo FLIM imaging	https://zenodo.org/records/15102891	data_files	0.403	0	6	5365.1
5212436	Figure 3 in Redescription and three-dimensional reconstruction of the limnic acochlidian gastropod Strubellia paradoxa (Strubell, 1892) (Gastropoda: E	https://zenodo.org/records/5212436	data_files	0.399	1	0	0.7
2346757	Fig. 2 in A general theory of genital homologies for the Hexapoda (Pancrustacea) derived from skeletomuscular correspondences, with emphasis on the En	https://zenodo.org/records/2346757	data_files	0.379	1	0	6.9
5210397	Figure 2 in Confocal laser scanning microscopy analysis of the phalloidin-labelled musculature in nemerteans	https://zenodo.org/records/5210397	data_files	0.376	1	0	2.1
7035490	Figure 8 in Discovery of a new scale worm (Annelida: Polynoidae) with presumed deep-sea affinities from an anchialine cave in the Balearic Islands (we	https://zenodo.org/records/7035490	data_files	0.37	1	0	3.5
3939863	Figure 22 from: Pitriana P, Valente L, von Rintelen T, Jones DS, Prabowo RE, von Rintelen K (2020) An annotated checklist and integrative biodiversity	https://zenodo.org/records/3939863	data_files	0.366	1	0	0.4
11066680	In-depth Tissue-Level Dimerization Analysis of AtLEA proteins from Arabidopsis thaliana - Replicate 3	https://zenodo.org/records/11066680	data_files	0.365	37	0	2666.0
11062009	In-depth Tissue-Level Dimerization Analysis of AtLEA proteins from Arabidopsis thaliana - Replicate 2	https://zenodo.org/records/11062009	data_files	0.359	30	0	3842.2
3488393	Figure 3 from: van der Vos W, Stein K, Di-Poï N, Bickelmann C (2018) Ontogeny of Hemidactylus (Gekkota, Squamata) with emphasis on the limbs. Zoosyste	https://zenodo.org/records/3488393	data_files	0.351	1	0	0.3
6043922	Paracloeodes fleeki McCafferty & Lenat 2004	https://zenodo.org/records/6043922	related_dataset	0.341	0	0	0.0
